Farm_ID,Farmer_ID,Crop,Season,Yield_kg,Fertilizer_Used_kg,Labor_Cost,Region,Fertilizer_Cost
FP0001,F103,Maize,Wet,2934.99,40.77,20831.73,East,16084.69
FP0002,F088,Cassava,Wet,2400.68,42.76,31641.65,South,16869.79
FP0003,F294,Maizu,Wet,2517.78,43.58,27489.56,Central,17193.3
FP0004,F051,Yam,Wet,2368.91,67.02,28952.54,North,26440.91
FP0005,F135,Maize,Wet,2019.49,45.62,19784.48,South,17998.12
FP0006,F264,Sorghuu,Wet,2370.6,62.34,17791.56,Central,24594.54
FP0007,F002,Cassava,Dry,2730.9,29.1,28237.14,South,11480.61
FP0008,F202,Yam,Dry,3460.71,34.86,14167.06,North,13753.06
FP0009,F053,Cassava,Dry,2577.13,56.29,21565.8,East,22207.68
FP0010,F009,Rice,Wet,2089.34,65.46,39312.8,South,25825.45
FP0011,F289,Rice,Wet,2669.27,58.96,28317.95,North,23261.05
FP0012,F033,Yam,Wet,3431.81,67.7,21017.92,East,26709.18
FP0013,F214,Rice,Dry,1669.74,48.86,33613.96,North,19276.38
FP0014,F255,Yam,Wet,2364.02,40.78,33328.92,West,16088.63
FP0015,F179,Maizu,Dry,1365.0,65.64,27803.28,Central,25896.47
FP0016,F237,Rice,Wet,2785.69,52.04,36080.9,North,20530.96
FP0017,F243,Maize,Wet,3232.32,54.93,43718.62,East,21671.13
FP0018,F231,Maize,Wet,2640.44,29.76,19809.27,North,11740.99
FP0019,F198,Yam,Dry,1367.7,43.69,34529.36,West,17236.69
FP0020,F160,Rice,Wet,2367.15,53.86,29255.54,East,21248.99
FP0021,F052,Rice,Wet,3369.38,65.07,29356.22,East,25671.59
FP0022,F224,Maize,Wet,2775.92,49.48,18313.22,Central,19520.98
FP0023,F160,Cassava,Wet,1889.9,52.53,37278.33,West,20724.27
FP0024,F098,Yam,Dry,2004.74,35.14,24337.02,Central,13863.53
FP0025,F259,Cassava,Dry,1259.47,51.03,35363.36,North,20132.49
FP0026,F128,Cassava,Wet,1768.25,67.54,38733.17,East,26646.06
FP0027,F151,Yam,Dry,1677.83,61.12,30130.34,North,24113.22
FP0028,F002,Cassava,Dry,2802.22,65.01,31524.21,South,25647.92
FP0029,F009,Yam,Dry,3152.92,57.08,39206.67,West,22519.35
FP0030,F116,Cassava,Dry,2318.62,53.39,38474.01,South,21063.56
FP0031,F227,Cassava,Dry,1711.69,33.59,31506.59,Central,13252.02
FP0032,F161,Yam,Dry,2487.43,43.06,18875.03,East,16988.14
FP0033,F135,Cassava,Wet,2834.49,21.7,16814.3,Central,8561.14
FP0034,F158,Yam,Wet,3076.31,54.15,38271.83,North,21363.4
FP0035,F226,Maize,Wet,3591.55,67.58,29953.04,South,26661.84
FP0036,F004,Yam,Wet,1243.35,48.14,37403.41,West,18992.32
FP0037,F181,Yam,Dry,1740.38,41.05,6819.32,Central,16195.15
FP0038,F223,Rice,Wet,2285.59,32.78,43896.03,North,12932.45
FP0039,F127,Sorghum,Dry,2786.23,58.41,20409.92,East,23044.07
FP0040,F170,Maize,Dry,3605.6,57.73,68527.31,West,22775.79
FP0041,F173,Cassava,Dry,2367.75,39.69,14394.43,North,15658.6
FP0042,F051,Rice,Wet,4100.28,60.29,13872.84,Central,23785.77
FP0043,F180,Maizi,Wet,2783.54,21.8,24587.15,South,8600.59
FP0044,F108,Rice,Wet,3121.46,50.68,23484.0,Central,19994.41
FP0045,F047,Sorghum,Wet,2414.24,42.71,21424.51,Central,16850.06
FP0046,F117,Rice,Dry,3172.0,44.47,31572.02,North,17544.42
FP0047,F122,Maize,Dry,2754.21,25.82,17391.16,East,10186.57
FP0048,F272,Cassava,Wet,3234.29,74.83,25370.75,South,29522.13
FP0049,F076,Sorghum,Wet,1956.0,46.05,36990.92,North,18167.77
FP0050,F100,Yam,Wet,2979.92,74.49,15698.59,Central,29387.99
FP0051,F100,Cassave,Dry,3653.02,28.46,34049.76,Central,11228.11
FP0052,F004,Cassava,Dry,3227.79,67.59,35314.0,Central,26665.79
FP0053,F178,Sorghum,Dry,2681.59,45.94,41370.17,South,18124.37
FP0054,F168,Sorghum,Wet,2857.51,42.7,32075.98,East,16846.12
FP0055,F264,Yam,Dry,1600.04,69.23,49512.8,West,27312.8
FP0056,F114,Sorghum,Dry,2467.93,62.19,36296.29,North,24535.36
FP0057,F249,Cassava,Wet,3842.64,21.88,23847.55,North,8632.16
FP0058,F096,Rice,Wet,2806.24,46.73,40987.77,Central,18436.04
FP0059,F013,Sorghum,Wet,1998.51,29.87,5434.07,Central,11784.39
FP0060,F187,Cassava,Wet,2438.77,55.88,28754.75,North,22045.93
FP0061,F223,Maize,Wet,4029.85,65.98,19939.83,North,26030.6
FP0062,F053,Maize,Dry,1528.65,49.82,21027.46,North,19655.12
FP0063,F223,Sorghum,Wet,2759.61,75.13,30900.73,East,29640.49
FP0064,F230,Yam,Wet,2566.18,42.93,32320.5,Central,16936.86
FP0065,F165,Cassava,Dry,3348.55,53.56,32898.83,South,21130.63
FP0066,F132,Yam,Dry,2350.22,14.91,26484.63,South,5882.33
FP0067,F167,Maize,Wet,2258.14,49.93,33227.19,West,19698.52
FP0068,F001,Rice,Dry,1838.22,41.76,5408.07,West,16475.27
FP0069,F117,Yam,Wet,2679.27,50.19,34736.27,North,19801.09
FP0070,F047,Maize,Dry,2543.48,82.3,22326.52,East,32469.21
FP0071,F259,Maize,Wet,4251.84,37.88,28422.76,South,14944.52
FP0072,F186,Cassava,Dry,1415.95,30.12,22287.95,South,11883.02
FP0073,F145,Yam,Wet,3882.2,27.61,28772.11,East,10892.77
FP0074,F197,Yam,Wet,3019.11,67.69,25308.24,North,26705.24
FP0075,F224,Yam,Wet,3597.9,39.83,32586.67,North,15713.84
FP0076,F098,Sorghua,Wet,3486.01,55.14,49115.3,South,21753.98
FP0077,F133,Cassava,Dry,3712.99,54.69,25499.35,West,21576.44
FP0078,F078,Yam,Wet,2998.28,36.92,23289.76,West,14565.78
FP0079,F288,Maize,Dry,282.54,45.98,39370.73,North,18140.15
FP0080,F236,Yam,Dry,2044.54,34.69,27309.06,West,13685.99
FP0081,F207,Rice,Dry,3419.7,57.88,32031.14,Central,22834.97
FP0082,F098,Yam,Wet,2539.66,53.77,25462.03,South,21213.48
FP0083,F249,Rice,Wet,2110.63,70.02,12966.18,North,27624.48
FP0084,F069,Sorghum,Wet,2455.56,66.84,15588.04,East,26369.89
FP0085,F240,Maize,Wet,760.09,80.48,46117.93,Central,31751.18
FP0086,F184,Yam,Wet,1849.64,57.02,30150.64,North,22495.68
FP0087,F061,Sorghum,Wet,1847.6,41.61,28929.7,South,16416.09
FP0088,F046,Maize,Wet,1671.81,48.47,30421.34,South,19122.51
FP0089,F249,Yam,Wet,2598.0,79.6,31781.28,Central,31404.0
FP0090,F127,Cassava,Wet,2528.51,52.88,45971.13,Central,20862.36
FP0091,F154,Maizo,Dry,3181.12,35.18,60788.81,East,13879.31
FP0092,F274,Cassava,Dry,3395.66,37.84,20954.58,South,14928.74
FP0093,F028,Rico,Wet,1650.99,40.18,46871.42,East,15851.92
FP0094,F067,Yam,Dry,3205.31,73.44,35556.4,North,28973.74
FP0095,F111,Maize,Dry,1670.2,47.14,43957.32,Central,18597.8
FP0096,F226,Sorghum,Wet,1452.28,57.45,28057.49,North,22665.33
FP0097,F150,Sorghum,Wet,2335.01,15.83,31739.66,Central,6245.29
FP0098,F075,Rice,Wet,3226.3,39.14,24674.2,East,15441.62
FP0099,F062,Maize,Wet,4134.66,74.29,23373.76,East,29309.09
FP0100,F118,Rice,Wet,2956.48,53.24,47089.96,West,21004.39
FP0101,F001,Sorghum,Dry,3010.87,25.08,57837.77,Central,9894.63
FP0102,F161,Sorghum,Wet,1211.2,79.96,49839.92,Central,31546.03
FP0103,F013,Rice,Wet,4411.9,40.93,24402.58,South,16147.81
FP0104,F137,Rice,Wet,3704.02,52.75,33531.58,North,20811.07
FP0105,F060,Sorghum,Wet,2770.08,43.82,26815.21,East,17287.98
FP0106,F005,Rice,Wet,2244.75,45.89,36081.14,East,18104.64
FP0107,F042,Cassava,Dry,2299.9,69.52,11292.08,Central,27427.21
FP0108,F023,Yam,Dry,2218.79,31.84,13865.89,North,12561.6
FP0109,F104,Maize,Dry,668.75,71.49,39161.71,East,28204.42
FP0110,F015,Maize,Wet,3372.29,57.19,45830.31,East,22562.75
FP0111,F157,Cassava,Dry,1626.89,37.74,30715.66,South,14889.28
FP0112,F010,Yam,Dry,2117.87,51.31,20526.59,Central,20242.96
FP0113,F228,Maize,Wet,2544.12,87.59,4270.69,North,34556.24
FP0114,F173,Cassava,Wet,2191.57,56.2,48767.96,East,22172.17
FP0115,F299,Sorghum,Wet,1557.77,39.8,38136.89,West,15702.0
FP0116,F218,Cassava,Wet,1299.07,46.96,30469.15,East,18526.78
FP0117,F171,Rice,Wet,3925.73,58.85,22095.26,East,23217.66
FP0118,F092,Cassava,Wet,2877.17,45.06,25297.19,North,17777.19
FP0119,F110,Rice,Dry,2121.26,64.28,35377.66,Central,25359.92
FP0120,F137,Cassava,Wet,1413.03,36.27,32461.04,South,14309.34
FP0121,F244,Cassava,Dry,2316.1,59.42,26642.15,North,23442.54
FP0122,F251,Cassava,Dry,3835.22,9.55,29457.05,West,3767.69
FP0123,F161,Cassava,Dry,2730.9,66.9,19828.08,South,26393.56
FP0124,F084,Maize,Dry,2913.34,51.65,41296.49,North,20377.09
FP0125,F049,Yam,Wet,1803.31,25.82,24328.37,South,10186.57
FP0126,F158,Yam,Dry,2006.94,88.55,18928.96,East,34934.98
FP0127,F018,Cassava,Wet,2687.85,77.27,24362.34,North,30484.76
FP0128,F132,Cassava,Dry,354.56,47.75,35277.65,East,18838.46
FP0129,F162,Rice,Wet,2006.94,69.07,22955.3,East,27249.68
FP0130,F255,Ricu,Dry,1917.35,42.13,34893.75,Central,16621.24
FP0131,F097,Rice,Wet,3189.57,59.35,42498.05,North,23414.92
FP0132,F165,Rice,Wet,2836.26,40.95,27428.78,Central,16155.7
FP0133,F263,Rice,Wet,2764.26,63.05,32272.61,North,24874.65
FP0134,F011,Sorghum,Dry,3098.38,26.65,36060.1,East,10514.03
FP0135,F261,Rice,Dry,1998.15,68.77,26449.68,Central,27131.32
FP0136,F158,Sorghum,Wet,2705.98,44.96,43460.44,West,17737.74
FP0137,F115,Sorghum,Wet,3195.79,65.86,36173.9,East,25983.26
FP0138,F004,Maize,Dry,1539.86,66.55,41514.25,North,26255.48
FP0139,F146,Sorghum,Wet,2493.41,70.39,29310.19,East,27770.45
FP0140,F076,Yam,Wet,2006.94,53.84,39826.91,East,21241.1
FP0141,F268,Sorghum,Dry,4708.61,46.76,44038.98,North,18447.88
FP0142,F046,Ricu,Dry,2103.59,44.78,31985.58,West,17666.72
FP0143,F292,Rice,Dry,3159.53,48.13,35410.02,East,18988.37
FP0144,F055,Sorghum,Wet,2606.35,37.12,37003.1,South,14644.68
FP0145,F036,Yam,Dry,2726.85,45.79,25198.77,South,18065.19
FP0146,F073,Sorghum,Dry,4338.78,79.63,29527.35,West,31415.84
FP0147,F042,Sorghum,Wet,3288.58,41.08,36637.37,East,16206.99
FP0148,F012,Rice,Wet,3308.11,62.25,36186.62,West,24559.03
FP0149,F215,Sorghum,Dry,2531.79,50.17,43548.45,West,19793.2
FP0150,F026,Yam,Dry,3322.91,62.28,31338.48,South,24570.87
FP0151,F270,Sorghum,Dry,1844.59,59.24,43568.57,South,23371.52
FP0152,F223,Maize,Dry,2212.45,64.07,24839.55,Central,25277.07
FP0153,F273,Sorghum,Dry,3221.8,19.82,30796.58,North,7819.44
FP0154,F183,Cassava,Dry,3310.65,52.63,43885.91,South,20763.73
FP0155,F210,Cassava,Wet,3308.11,47.06,32561.61,North,18566.24
FP0156,F251,Maize,Wet,2484.09,42.24,44093.47,West,16664.64
FP0157,F245,Sorghum,Wet,1215.67,58.52,27336.83,West,23087.46
FP0158,F065,Yam,Wet,1968.37,29.83,20813.48,West,11768.61
FP0159,F146,Yam,Dry,2472.25,53.51,19294.22,South,21110.91
FP0160,F293,Cassava,Wet,3046.1,64.76,27860.11,North,25549.29
FP0161,F011,Yam,Wet,2380.65,40.11,36181.41,South,15824.3
FP0162,F107,Sorghum,Dry,2097.04,58.33,23771.3,North,23012.51
FP0163,F262,Sorghum,Wet,1500.66,58.57,36314.46,North,23107.19
FP0164,F178,Yam,Wet,4463.07,48.69,39454.1,West,19209.31
FP0165,F269,Sorghum,Dry,4385.9,64.07,23872.11,West,25277.07
FP0166,F137,Sorghuu,Dry,2189.84,48.96,28124.21,Central,19315.83
FP0167,F025,Yam,Wet,2358.44,38.03,38841.01,West,15003.7
FP0168,F090,Yam,Dry,1739.45,50.65,40304.73,South,19982.57
FP0169,F115,Rice,Dry,3559.1,33.02,35839.28,South,13027.14
FP0170,F147,Rice,Dry,2212.57,46.01,27313.64,North,18151.99
FP0171,F269,Rice,Wet,3353.34,67.54,23508.09,East,26646.06
FP0172,F235,Rice,Dry,2884.45,41.87,36388.91,Central,16518.66
FP0173,F039,Maize,Wet,2834.6,56.01,31910.99,South,22097.21
FP0174,F017,Cassava,Dry,2537.15,44.14,23295.68,South,17414.23
FP0175,F074,Cassava,Wet,2219.09,66.61,37704.25,West,26279.15
FP0176,F242,Yam,Dry,3041.42,61.28,39768.99,Central,24176.35
FP0177,F193,Yam,Dry,4116.32,38.9,23709.28,North,15346.93
FP0178,F033,Cassava,Dry,2365.16,60.98,40800.69,West,24057.99
FP0179,F026,Sorghum,Wet,3042.64,49.28,30889.52,Central,19442.08
FP0180,F285,Yam,Dry,3432.73,53.66,24359.21,North,21170.08
FP0181,F022,Rice,Dry,1022.58,41.5,39421.67,West,16372.69
FP0182,F163,Yam,Wet,3188.08,64.26,26570.24,West,25352.02
FP0183,F208,Cassava,Dry,2164.86,42.77,28413.45,West,16873.73
FP0184,F050,Yam,Wet,1550.69,52.95,37090.04,West,20889.97
FP0185,F046,Rice,Dry,1359.1,59.09,24261.11,South,23312.34
FP0186,F214,Yam,Wet,2128.49,40.48,39957.52,Central,15970.28
FP0187,F205,Sorghum,Wet,4070.26,44.22,42151.55,West,17445.79
FP0188,F102,Sorghum,Wet,3093.67,40.69,34367.14,North,16053.13
FP0189,F076,Yam,Wet,2497.12,32.62,35248.89,West,12869.33
FP0190,F242,Cassava,Wet,3925.3,46.29,23180.16,East,18262.45
FP0191,F077,Yam,Dry,1698.7,45.78,39888.83,South,18061.25
FP0192,F106,Yam,Dry,2998.65,70.99,39246.34,East,28007.16
FP0193,F009,Yam,Dry,2547.7,40.3,33932.63,West,15899.26
FP0194,F084,Rice,Wet,3045.16,69.76,31976.0,West,27521.9
FP0195,F003,Maizu,Wet,2322.47,31.78,47322.15,East,12537.93
FP0196,F025,Cassava,Wet,3360.07,57.84,24263.0,North,22819.19
FP0197,F183,Maize,Wet,1451.02,67.98,21566.27,North,26819.65
FP0198,F243,Sorghum,Wet,2489.16,66.37,28892.67,South,26184.47
FP0199,F159,Cassava,Dry,2806.84,65.47,30285.97,North,25829.4
FP0200,F050,Sorghum,Wet,3764.19,75.26,25411.16,West,29691.77
FP0201,F228,Rice,Dry,2361.9,63.25,38004.98,South,24953.56
FP0202,F268,Sorghum,Wet,2643.42,42.66,36225.56,South,16830.34
FP0203,F282,Rice,Wet,2759.04,45.63,35436.0,Central,18002.07
FP0204,F111,Maize,Dry,2203.51,39.71,32755.25,Central,15666.49
FP0205,F145,Yam,Dry,1464.25,67.41,14441.01,South,26594.77
FP0206,F195,Maize,Wet,2282.08,79.27,24100.21,North,31273.81
FP0207,F257,Rice,Wet,2970.21,51.73,17034.98,Central,20408.66
FP0208,F107,Maize,Dry,1289.92,68.22,29104.77,Central,26914.33
FP0209,F044,Yam,Dry,2639.13,66.34,26783.77,North,26172.63
FP0210,F282,Sorghui,Wet,2139.2,60.99,29192.83,West,24061.94
FP0211,F161,Yam,Wet,3233.06,55.2,8990.81,West,21777.65
FP0212,F294,Rice,Dry,2730.9,66.62,19600.94,South,26283.1
FP0213,F234,Yam,Wet,2184.46,43.59,25415.63,Central,17197.24
FP0214,F086,Rice,Dry,2024.93,49.23,31965.82,West,19422.35
FP0215,F114,Yam,Dry,2647.02,52.5,31982.89,East,20712.44
FP0216,F289,Cassava,Wet,2292.32,57.59,39903.53,East,22720.56
FP0217,F090,Yam,Wet,2773.94,33.33,26654.92,West,13149.44
FP0218,F159,Sorghum,Dry,2664.95,24.73,20662.78,East,9756.54
FP0219,F102,Maize,Dry,3131.92,44.13,39795.93,East,17410.28
FP0220,F213,Cassava,Dry,1432.16,73.92,21530.39,South,29163.11
FP0221,F093,Rice,Dry,1988.83,30.15,31696.94,East,11894.86
FP0222,F110,Rice,Dry,1939.91,97.13,30330.27,Central,38319.98
FP0223,F117,Maize,Wet,1195.46,52.56,40224.41,North,20736.11
FP0224,F021,Cassava,Dry,2364.02,61.38,32811.91,West,24215.8
FP0225,F281,Sorghum,Wet,1526.16,42.77,25331.85,West,16873.73
FP0226,F052,Yam,Dry,2158.14,86.84,39788.94,North,34260.35
FP0227,F106,Maize,Dry,1708.3,64.11,28657.32,South,25292.85
FP0228,F108,Yam,Wet,2372.62,40.98,33197.82,East,16167.54
FP0229,F298,Sorghum,Dry,1841.9,47.74,34770.04,West,18834.51
FP0230,F047,Sorghum,Dry,678.47,50.73,30405.92,West,20014.13
FP0231,F026,Sorghum,Dry,1377.92,76.24,27246.77,East,30078.41
FP0232,F154,Yam,Dry,3101.1,60.39,34575.43,East,23825.22
FP0233,F167,Rice,Wet,2691.58,38.27,18124.02,North,15098.38
FP0234,F108,Cassava,Dry,2747.86,68.37,46233.97,North,26973.51
FP0235,F160,Sorghum,Wet,3087.4,29.72,25651.74,South,11725.21
FP0236,F263,Cassava,Dry,1947.3,75.17,24464.12,East,29656.27
FP0237,F241,Sorghuu,Dry,3334.09,42.2,36812.96,North,16648.86
FP0238,F109,Cassava,Dry,2281.23,33.49,22887.01,South,13212.56
FP0239,F196,Rice,Wet,2894.71,64.48,16546.32,East,25438.82
FP0240,F200,Maize,Wet,3159.21,32.41,17665.32,East,12786.48
FP0241,F130,Maize,Wet,3056.0,79.2,22949.88,Central,31246.19
FP0242,F300,Rice,Wet,2455.38,69.67,36944.06,West,27486.39
FP0243,F208,Maize,Wet,2454.6,45.5,6644.27,Central,17950.78
FP0244,F279,Rice,Dry,2100.56,68.2,31417.17,West,26906.44
FP0245,F149,Yam,Dry,3150.64,39.71,31554.27,South,15666.49
FP0246,F226,Maize,Dry,4472.59,39.77,18255.1,West,15690.17
FP0247,F258,Maize,Wet,1031.04,57.62,51557.43,West,22732.39
FP0248,F262,Yam,Wet,1594.84,51.23,29011.1,Central,20211.39
FP0249,F291,Maize,Wet,3919.37,53.9,35781.17,South,21264.77
FP0250,F163,Sorghum,Dry,2082.08,50.42,29908.81,North,19891.83
FP0251,F256,Cassava,Wet,1922.25,89.44,19765.81,Central,35286.11
FP0252,F238,Yam,Wet,2741.38,34.02,26947.75,Central,13421.66
FP0253,F117,Yam,Dry,3260.64,0.83,32418.67,West,327.45
FP0254,F031,Rice,Dry,1724.38,54.25,22067.18,East,21402.85
FP0255,F043,Sorghum,Wet,1726.79,56.26,27865.57,Central,22195.84
FP0256,F130,Maize,Wet,3692.58,27.56,38821.05,South,10873.04
FP0257,F083,Rice,Wet,1884.18,41.59,45211.72,South,16408.2
FP0258,F040,Cassava,Wet,3578.62,64.24,15151.02,Central,25344.13
FP0259,F124,Maize,Wet,3201.66,60.1,17271.75,North,23710.81
FP0260,F155,Yam,Dry,3576.32,63.18,37621.98,Central,24925.94
FP0261,F183,Yam,Dry,2186.75,49.77,24537.56,North,19635.39
FP0262,F065,Cassava,Dry,2813.44,32.08,35128.44,East,12656.29
FP0263,F173,Yam,Wet,1389.64,38.57,12571.76,South,15216.74
FP0264,F117,Rice,Wet,2496.03,67.52,21370.95,West,26638.17
FP0265,F232,Maize,Wet,3309.52,54.82,32914.5,South,21627.73
FP0266,F129,Rice,Wet,1915.45,54.88,28332.76,North,21651.4
FP0267,F232,Maize,Wet,3628.45,68.22,43017.41,East,26914.33
FP0268,F173,Sorghum,Dry,3749.21,80.2,31365.35,West,31640.72
FP0269,F200,Maize,Dry,2207.74,52.77,21975.07,East,20818.96
FP0270,F228,Yam,Dry,3539.05,34.3,35366.53,Central,13532.13
FP0271,F261,Sorghum,Dry,1861.63,47.83,31740.19,West,18870.02
FP0272,F049,Maize,Wet,2696.59,64.43,29471.4,West,25419.09
FP0273,F266,Rice,Dry,3664.49,76.99,35382.96,North,30374.3
FP0274,F011,Maize,Wet,3358.01,37.56,32017.01,East,14818.27
FP0275,F124,Sorghum,Wet,2090.84,38.59,29541.19,South,15224.63
FP0276,F113,Yam,Dry,4134.39,54.56,32658.98,East,21525.16
FP0277,F268,Cassava,Dry,3170.05,37.8,34909.75,West,14912.96
FP0278,F135,Maize,Dry,3087.9,66.87,22006.06,East,26381.73
FP0279,F022,Yam,Dry,2067.88,54.71,18039.03,East,21584.33
FP0280,F044,Maize,Wet,2468.21,53.61,56016.83,East,21150.36
FP0281,F191,Yam,Dry,3301.56,53.08,32062.48,East,20941.26
FP0282,F072,Yam,Wet,1535.89,69.32,25771.88,West,27348.31
FP0283,F010,Maize,Dry,2846.5,67.81,36865.66,East,26752.58
FP0284,F086,Rice,Wet,729.42,62.4,37978.03,West,24618.21
FP0285,F020,Sorghum,Wet,2136.65,37.69,47269.64,Central,14869.56
FP0286,F024,Yam,Dry,2180.29,44.09,25881.74,North,17394.5
FP0287,F020,Cassava,Dry,2523.24,66.13,27802.6,Central,26089.78
FP0288,F254,Yam,Dry,2246.54,45.4,30655.94,North,17911.33
FP0289,F211,Cassava,Dry,3392.72,40.26,30884.07,Central,15883.48
FP0290,F173,Cassava,Dry,3682.02,37.35,28647.57,West,14735.42
FP0291,F116,Yam,Wet,2994.14,60.47,21209.49,North,23856.78
FP0292,F198,Sorghum,Wet,2068.05,46.6,20405.61,South,18384.76
FP0293,F078,Rice,Wet,2743.02,29.35,35117.38,Central,11579.24
FP0294,F254,Yam,Wet,1815.74,41.25,16990.98,South,16274.06
FP0295,F049,Maize,Dry,2625.1,54.98,30999.06,North,21690.85
FP0296,F100,Cassava,Dry,2616.77,35.02,33017.92,East,13816.18
FP0297,F031,Sorghum,Dry,2244.79,49.73,20459.38,West,19619.61
FP0298,F270,Yam,Dry,1737.12,45.44,45681.05,South,17927.11
FP0299,F205,Yam,Wet,2364.02,47.46,40530.57,West,18724.04
FP0300,F021,Cassava,Wet,4126.64,61.05,27186.72,North,24085.61
FP0301,F160,Rice,Dry,2553.59,57.74,28904.51,East,22779.74
FP0302,F142,Sorghum,Dry,2016.79,61.91,17457.11,North,24424.9
FP0303,F218,Rice,Dry,1484.25,33.9,21768.82,Central,13374.32
FP0304,F086,Sorghum,Dry,2368.66,45.57,31523.16,South,17978.4
FP0305,F086,Yam,Dry,1429.7,58.27,19046.54,East,22988.83
FP0306,F022,Rice,Dry,2325.82,14.56,19902.69,West,5744.25
FP0307,F125,Rice,Wet,3255.59,39.66,30723.78,South,15646.77
FP0308,F243,Sorghum,Dry,2482.56,39.36,24895.64,South,15528.41
FP0309,F068,Yam,Wet,1343.1,51.42,27081.89,East,20286.35
FP0310,F058,Yam,Dry,1249.45,36.68,31148.69,West,14471.09
FP0311,F044,Cassava,Dry,1721.24,49.92,25736.42,North,19694.57
FP0312,F197,Cassava,Dry,3418.76,22.54,32006.52,North,8892.54
FP0313,F297,Yam,Wet,3450.52,58.05,30678.56,Central,22902.04
FP0314,F042,Yam,Wet,3182.22,55.7,18813.81,South,21974.91
FP0315,F259,Yam,Wet,2521.86,30.75,29058.97,North,12131.57
FP0316,F176,Yam,Dry,2242.29,38.96,32036.72,East,15370.6
FP0317,F032,Sorghum,Dry,1812.53,67.14,19422.84,North,26488.25
FP0318,F158,Rice,Dry,2467.19,47.19,39857.3,East,18617.52
FP0319,F247,Yam,Wet,2454.6,54.16,24978.97,Central,21367.35
FP0320,F133,Maize,Wet,2946.95,57.26,27645.84,East,22590.37
FP0321,F134,Cassava,Wet,2257.07,20.67,8781.45,West,8154.78
FP0322,F226,Maize,Wet,2013.74,25.64,31615.63,West,10115.56
FP0323,F156,Cassava,Dry,2308.85,44.5,23372.86,North,17556.26
FP0324,F075,Maize,Dry,876.26,64.97,25683.8,North,25632.14
FP0325,F139,Rice,Dry,2108.72,54.46,34695.59,East,21485.7
FP0326,F001,Yam,Wet,1694.75,70.64,40125.46,South,27869.08
FP0327,F294,Sorghum,Dry,3666.36,42.27,36834.19,Central,16676.47
FP0328,F252,Cassava,Wet,2024.69,54.09,36503.82,South,21339.73
FP0329,F091,Maize,Dry,1449.07,41.31,27617.22,Central,16297.73
FP0330,F084,Cassavo,Wet,1689.01,55.82,23035.8,South,22022.25
FP0331,F110,Yam,Dry,2364.02,59.23,38886.63,West,23367.58
FP0332,F275,Rice,Wet,2078.6,55.51,48381.84,West,21899.95
FP0333,F286,Ricu,Wet,1139.84,57.92,36556.1,North,22850.75
FP0334,F068,Yam,Dry,3722.18,32.03,17268.4,Central,12636.56
FP0335,F120,Rice,Dry,2416.44,47.47,30831.22,East,18727.99
FP0336,F064,Yam,Dry,2126.32,31.61,37860.91,South,12470.86
FP0337,F172,Yam,Dry,3280.16,57.52,36532.83,North,22692.94
FP0338,F076,Cassava,Dry,4650.03,35.2,25314.17,Central,13887.2
FP0339,F232,Rice,Dry,3645.74,45.93,21885.1,East,18120.42
FP0340,F260,Maize,Dry,2810.98,56.36,31433.39,East,22235.3
FP0341,F162,Maize,Wet,2454.6,46.77,31061.79,Central,18451.82
FP0342,F283,Yam,Dry,2124.36,28.91,29168.94,South,11405.65
FP0343,F291,Sorghum,Dry,4487.57,39.46,32979.21,South,15567.86
FP0344,F090,Cassava,Dry,2730.99,42.61,16570.96,South,16810.61
FP0345,F233,Maize,Wet,2670.56,38.72,31035.44,East,15275.92
FP0346,F041,Yam,Wet,770.22,49.04,24097.25,Central,19347.39
FP0347,F127,Rice,Wet,1397.84,22.13,32671.27,North,8730.79
FP0348,F268,Rice,Dry,2906.98,60.32,34196.66,West,23797.61
FP0349,F174,Cassava,Wet,3789.78,63.45,21677.06,South,25032.46
FP0350,F082,Sorghum,Dry,732.68,63.8,31139.2,Central,25170.54
FP0351,F243,Sorghum,Dry,2634.92,56.63,41761.75,South,22341.82
FP0352,F266,Rice,Dry,1112.81,56.77,19251.01,East,22397.05
FP0353,F117,Rice,Wet,2546.68,38.83,29667.7,West,15319.31
FP0354,F235,Maize,Wet,2333.51,20.61,37326.49,South,8131.11
FP0355,F279,Yam,Dry,2365.13,40.28,22613.69,North,15891.37
FP0356,F073,Yam,Wet,2365.56,70.89,27499.53,East,27967.71
FP0357,F195,Sorghum,Wet,2392.55,62.16,11643.42,West,24523.53
FP0358,F118,Rice,Dry,3437.0,33.64,25891.86,Central,13271.74
FP0359,F007,Yam,Dry,2253.57,61.69,30495.79,North,24338.1
FP0360,F126,Cassava,Dry,2370.92,51.61,41966.91,North,20361.31
FP0361,F176,Sorghum,Dry,2478.88,54.2,29540.3,Central,21383.13
FP0362,F067,Cassava,Wet,1582.67,33.53,26381.89,West,13228.34
FP0363,F262,Rice,Dry,1056.97,44.68,36969.54,North,17627.27
FP0364,F196,Cassava,Wet,2232.94,53.03,22220.81,North,20921.54
FP0365,F126,Rice,Dry,1243.3,33.1,31833.0,North,13058.7
FP0366,F162,Maize,Wet,1555.77,43.5,40199.25,Central,17161.73
FP0367,F109,Cassava,Dry,2365.48,42.92,30611.16,West,16932.91
FP0368,F092,Rice,Dry,2895.16,54.87,26420.89,Central,21647.46
FP0369,F273,Cassava,Dry,1661.18,31.98,47188.5,North,12616.83
FP0370,F008,Yam,Dry,2270.31,27.13,32409.25,East,10703.4
FP0371,F064,Maize,Dry,1149.15,67.13,23214.71,South,26484.3
FP0372,F184,Yam,Dry,2560.54,55.66,29707.37,South,21959.13
FP0373,F236,Rice,Wet,960.15,48.82,56735.11,East,19260.6
FP0374,F203,Sorghum,Dry,3265.47,58.05,33069.38,North,22902.04
FP0375,F219,Yam,Dry,2916.9,59.68,41658.06,South,23545.11
FP0376,F147,Maize,Dry,2336.44,60.84,21376.48,North,24002.76
FP0377,F114,Cassava,Wet,3399.29,64.21,25900.39,North,25332.3
FP0378,F204,Rice,Wet,1902.34,64.3,35130.85,South,25367.81
FP0379,F030,Sorghue,Wet,3080.08,57.74,34213.8,Central,22779.74
FP0380,F188,Cassava,Wet,2024.93,55.27,40701.5,South,21805.27
FP0381,F104,Rice,Wet,1732.14,64.63,51094.45,Central,25498.0
FP0382,F173,Maize,Dry,2730.9,39.26,33361.6,South,15488.96
FP0383,F162,Cassava,Dry,2356.63,51.24,13924.4,South,20215.34
FP0384,F290,Maize,Wet,1889.82,47.68,37007.36,South,18810.84
FP0385,F027,Maizi,Wet,3420.24,54.2,25935.38,Central,21383.13
FP0386,F281,Rice,Wet,1393.71,4.71,31838.5,South,1858.2
FP0387,F010,Rice,Wet,4141.73,62.27,14350.87,South,24566.92
FP0388,F053,Yam,Wet,2326.25,32.67,30652.68,North,12889.05
FP0389,F264,Yam,Dry,1033.33,49.58,24759.12,East,19560.43
FP0390,F204,Sorghum,Wet,2621.88,58.4,23843.71,West,23040.12
FP0391,F274,Sorghum,Wet,2237.68,52.33,21415.5,Central,20645.37
FP0392,F139,Maize,Dry,3400.47,66.04,31896.28,West,26054.28
FP0393,F100,Maize,Wet,2410.12,59.62,31848.13,West,23521.44
FP0394,F186,Yam,Dry,2868.34,37.36,34104.76,North,14739.37
FP0395,F213,Yam,Dry,2653.21,51.03,30886.58,North,20132.49
FP0396,F094,Maize,Dry,2657.85,49.95,20299.96,Central,19706.41
FP0397,F028,Cassava,Wet,1703.01,49.08,27136.08,South,19363.17
FP0398,F229,Rice,Dry,2761.94,59.33,18611.67,West,23407.03
FP0399,F100,Sorghum,Dry,1256.99,62.27,42745.92,West,24566.92
FP0400,F028,Sorghum,Dry,3148.05,44.85,49646.95,North,17694.34
FP0401,F065,Maize,Wet,1797.21,28.81,30409.19,West,11366.2
FP0402,F044,Yam,Wet,1698.25,54.38,28168.22,West,21454.14
FP0403,F258,Rico,Dry,2317.12,35.08,37789.8,West,13839.85
FP0404,F182,Maize,Dry,572.09,71.18,24490.89,West,28082.12
FP0405,F119,Rice,Dry,2596.61,73.21,36728.61,East,28883.0
FP0406,F162,Cassava,Dry,2973.45,31.91,17197.32,North,12589.22
FP0407,F055,Maize,Wet,2341.44,27.99,39886.69,North,11042.69
FP0408,F135,Yam,Wet,1418.84,68.93,31797.18,East,27194.45
FP0409,F217,Cassava,Wet,2122.51,44.04,33120.7,Central,17374.78
FP0410,F226,Sorghum,Dry,2619.95,39.57,29588.31,North,15611.26
FP0411,F090,Yam,Dry,2650.24,26.09,38400.1,West,10293.1
FP0412,F278,Maize,Dry,4085.26,44.37,26822.85,Central,17504.97
FP0413,F026,Rice,Dry,1590.29,35.91,39034.49,North,14167.31
FP0414,F049,Sorghum,Wet,2548.49,54.52,47450.16,South,21509.37
FP0415,F159,Yam,Wet,1628.74,47.66,13923.39,North,18802.95
FP0416,F061,Rice,Dry,2647.79,59.82,31846.53,North,23600.34
FP0417,F210,Rice,Wet,2363.86,30.29,29423.92,West,11950.09
FP0418,F235,Sorghum,Wet,3398.59,50.15,31849.42,Central,19785.31
FP0419,F156,Rice,Wet,2728.73,37.72,35466.95,South,14881.39
FP0420,F139,Rice,Dry,2409.9,42.42,24274.13,East,16735.65
FP0421,F154,Rica,Wet,2928.11,61.39,21633.72,South,24219.74
FP0422,F247,Sorghum,Dry,3766.58,39.06,40479.13,North,15410.05
FP0423,F094,Cassava,Wet,1734.85,57.09,29936.48,North,22523.3
FP0424,F137,Sorghum,Wet,3749.8,63.42,8833.36,West,25020.63
FP0425,F255,Yam,Dry,1943.46,33.74,25299.58,East,13311.19
FP0426,F101,Cassava,Dry,2712.7,102.44,15365.94,East,40414.9
FP0427,F241,Rice,Wet,2432.35,39.92,42446.88,North,15749.34
FP0428,F082,Cassava,Wet,967.07,50.21,20460.61,Central,19808.98
FP0429,F203,Maize,Wet,2853.14,37.03,46835.46,East,14609.17
FP0430,F149,Yam,Dry,2078.3,36.52,16696.86,West,14407.97
FP0431,F154,Sorghum,Dry,3628.84,43.92,15488.24,West,17327.43
FP0432,F221,Rice,Wet,2490.33,43.55,30863.55,Central,17181.46
FP0433,F271,Maize,Dry,1777.33,48.66,23470.42,West,19197.47
FP0434,F004,Maize,Dry,3470.71,23.32,33196.52,Central,9200.27
FP0435,F279,Yam,Dry,3262.42,16.89,23501.79,North,6663.49
FP0436,F138,Cassava,Dry,2607.17,49.58,27798.76,Central,19560.43
FP0437,F179,Maize,Wet,2024.96,35.51,19161.89,South,14009.5
FP0438,F030,Rice,Wet,3950.67,43.03,34620.61,South,16976.31
FP0439,F047,Rice,Dry,3667.79,24.2,30853.18,East,9547.45
FP0440,F202,Maiza,Dry,1853.39,23.77,31330.94,West,9377.8
FP0441,F010,Cassava,Wet,2880.29,47.8,31720.16,West,18858.18
FP0442,F241,Sorghum,Wet,1652.55,59.1,28168.03,Central,23316.29
FP0443,F088,Sorghum,Dry,2280.45,53.31,25822.2,North,21032.0
FP0444,F251,Yam,Wet,3253.79,59.63,18861.47,West,23525.39
FP0445,F245,Maize,Dry,3346.57,64.06,29944.04,North,25273.12
FP0446,F271,Rice,Dry,3034.99,44.01,32998.51,Central,17362.94
FP0447,F078,Yam,Dry,2451.77,56.82,38903.83,East,22416.78
FP0448,F168,Maize,Dry,2960.16,60.48,34209.73,North,23860.73
FP0449,F013,Rice,Wet,2836.44,45.46,40541.29,Central,17935.0
FP0450,F002,Yam,Dry,3694.87,40.26,37720.95,North,15883.48
FP0451,F114,Yam,Wet,2204.58,52.15,19975.28,South,20574.36
FP0452,F283,Yam,Dry,1618.57,65.14,28145.71,Central,25699.2
FP0453,F069,Maize,Dry,1937.08,63.98,18834.76,East,25241.56
FP0454,F047,Rice,Wet,3488.65,60.51,38551.53,East,23872.57
FP0455,F215,Cassava,Wet,3716.27,42.58,20362.41,Central,16798.77
FP0456,F202,Maize,Wet,2006.94,56.07,29576.64,East,22120.88
FP0457,F006,Rice,Wet,2535.1,55.68,16532.38,South,21967.02
FP0458,F177,Maize,Wet,2799.58,48.75,15503.55,East,19232.98
FP0459,F208,Cassava,Wet,3997.4,57.34,18140.89,Central,22621.93
FP0460,F230,Cassava,Wet,2775.92,43.98,48706.63,South,17351.11
FP0461,F290,Yam,Dry,3306.12,19.91,38564.51,Central,7854.95
FP0462,F100,Sorghum,Dry,2454.6,82.33,20224.38,Central,32481.05
FP0463,F150,Sorghum,Dry,1344.39,71.46,16175.4,East,28192.59
FP0464,F007,Cassava,Dry,3732.63,48.35,34974.85,North,19075.17
FP0465,F237,Yam,Dry,1834.88,60.46,46996.32,East,23852.84
FP0466,F178,Rice,Wet,2489.03,48.03,38260.47,East,18948.92
FP0467,F271,Sorghum,Wet,244.06,58.74,32638.52,East,23174.26
FP0468,F041,Yam,Dry,1280.47,55.39,35679.42,North,21852.61
FP0469,F047,Maizi,Dry,1721.51,21.84,45956.1,North,8616.37
FP0470,F094,Maize,Dry,3807.36,57.5,34720.02,West,22685.05
FP0471,F077,Sorghum,Wet,2764.23,12.67,26063.91,West,4998.6
FP0472,F107,Sorghum,Wet,3675.84,62.16,27303.58,East,24523.53
FP0473,F137,Sorghuo,Wet,2163.68,70.44,40546.67,North,27790.17
FP0474,F168,Yam,Wet,2848.87,41.76,38595.88,East,16475.27
FP0475,F139,Maize,Wet,2817.3,30.29,25268.3,North,11950.09
FP0476,F207,Cassava,Dry,2475.54,49.57,28462.62,West,19556.49
FP0477,F102,Sorghum,Wet,2934.16,34.42,35706.13,East,13579.47
FP0478,F291,Rice,Dry,2364.02,48.44,37797.55,West,19110.68
FP0479,F234,Yam,Dry,1419.14,30.16,23319.29,Central,11898.8
FP0480,F032,Maize,Dry,3304.43,29.21,44490.3,North,11524.01
FP0481,F295,Rice,Wet,3010.32,45.7,25253.02,Central,18029.68
FP0482,F118,Yam,Dry,3326.49,42.35,9259.24,East,16708.03
FP0483,F214,Sorghum,Wet,642.7,34.01,27777.95,East,13417.72
FP0484,F045,Maize,Wet,2006.94,64.64,39184.54,East,25501.94
FP0485,F018,Rice,Dry,850.94,58.26,35726.08,South,22984.89
FP0486,F122,Sorghum,Wet,2778.95,51.59,14727.8,East,20353.42
FP0487,F028,Sorghum,Dry,2093.29,40.09,41988.35,East,15816.41
FP0488,F152,Cassava,Wet,1868.06,26.21,11200.76,West,10340.44
FP0489,F019,Sorghum,Dry,3691.8,42.23,35301.91,North,16660.69
FP0490,F093,Rice,Dry,933.25,36.12,32553.84,South,14250.16
FP0491,F295,Cassava,Dry,1703.35,59.77,28679.13,West,23580.62
FP0492,F103,Cassava,Wet,2730.9,89.31,18880.33,South,35234.82
FP0493,F117,Cassava,Wet,3008.31,55.36,40510.95,East,21840.77
FP0494,F093,Maize,Wet,3156.61,18.71,28131.3,East,7381.52
FP0495,F233,Sorghum,Wet,3565.41,50.66,26740.89,Central,19986.52
FP0496,F030,Yam,Wet,2730.9,36.54,23269.53,South,14415.86
FP0497,F136,Cassava,Wet,3178.74,16.3,31915.39,West,6430.72
FP0498,F173,Maize,Dry,2052.21,38.74,29063.88,East,15283.81
FP0499,F206,Cassava,Dry,2350.58,40.74,38970.66,Central,16072.85
FP0500,F107,Rice,Dry,3519.9,54.74,33056.29,South,21596.17
FP0501,F159,Sorghum,Wet,2714.83,72.7,34572.8,East,28681.8
FP0502,F295,Yam,Wet,3664.66,37.99,45064.22,East,14987.92
FP0503,F092,Sorghum,Dry,2737.26,56.95,35414.08,West,22468.06
FP0504,F064,Rice,Dry,3653.37,73.84,32562.58,Central,29131.55
FP0505,F170,Sorghum,Dry,1855.95,72.58,33896.0,South,28634.45
FP0506,F094,Cassava,Wet,1517.12,55.69,46090.74,East,21970.97
FP0507,F218,Maize,Dry,3424.71,43.69,23421.65,East,17236.69
FP0508,F294,Sorghum,Wet,3183.62,37.8,37339.89,Central,14912.96
FP0509,F173,Maize,Dry,1088.06,45.59,36140.26,North,17986.29
FP0510,F279,Cassava,Dry,2922.71,61.09,38163.39,West,24101.39
FP0511,F161,Sorghum,Wet,2364.02,26.53,17646.56,West,10466.69
FP0512,F056,Maize,Wet,3431.73,43.41,46328.54,West,17126.23
FP0513,F077,Rice,Wet,2124.68,59.67,37567.89,West,23541.17
FP0514,F163,Maize,Dry,2989.98,52.58,29320.85,Central,20744.0
FP0515,F187,Rice,Wet,2347.35,49.45,19682.65,West,19509.14
FP0516,F183,Maize,Dry,3390.69,80.18,40237.1,South,31632.83
FP0517,F125,Maize,Dry,2615.91,50.36,47687.72,North,19868.16
FP0518,F153,Rice,Wet,2106.29,55.51,8999.73,South,21899.95
FP0519,F051,Maize,Dry,3412.68,49.72,30065.1,West,19615.67
FP0520,F288,Cassava,Dry,3072.29,34.12,44816.63,West,13461.11
FP0521,F075,Sorghum,Wet,4070.07,50.06,16883.17,North,19749.8
FP0522,F064,Maize,Dry,3194.11,30.19,52362.84,South,11910.64
FP0523,F142,Cassava,Dry,2356.68,30.98,35896.1,North,12222.31
FP0524,F156,Rice,Wet,2713.53,53.62,18489.86,East,21154.3
FP0525,F230,Maize,Wet,2637.17,45.49,46281.5,South,17946.83
FP0526,F029,Yam,Dry,3104.74,63.97,32612.67,North,25237.61
FP0527,F144,Maize,Dry,2533.38,88.44,19869.7,Central,34891.58
FP0528,F215,Sorghum,Wet,3693.61,53.8,38203.44,Central,21225.32
FP0529,F119,Sorghum,Wet,2216.75,37.04,46368.26,South,14613.12
FP0530,F298,Rice,Dry,1695.35,40.01,28223.06,North,15784.85
FP0531,F058,Sorghum,Dry,1116.08,46.54,27438.2,South,18361.08
FP0532,F293,Sorghum,Dry,2306.8,24.47,25371.84,South,9653.97
FP0533,F110,Maize,Dry,2141.03,66.36,38510.69,North,26180.52
FP0534,F190,Sorghum,Wet,3700.46,32.51,30180.42,West,12825.93
FP0535,F112,Yam,Wet,2371.41,65.54,45457.12,West,25857.01
FP0536,F181,Rice,Dry,1900.69,58.13,46411.6,North,22933.6
FP0537,F106,Rice,Wet,3479.08,52.05,27211.17,East,20534.9
FP0538,F219,Cassava,Wet,3176.13,61.2,49564.18,Central,24144.79
FP0539,F038,Rice,Wet,3261.16,44.5,24738.38,North,17556.26
FP0540,F224,Rice,Dry,928.57,78.56,46259.59,South,30993.7
FP0541,F270,Yam,Dry,2736.5,27.25,21076.75,South,10750.74
FP0542,F120,Cassava,Wet,2821.67,40.88,24608.77,West,16128.09
FP0543,F226,Maize,Dry,3605.43,78.1,42462.67,South,30812.22
FP0544,F032,Maize,Wet,2050.33,51.74,21551.02,North,20412.6
FP0545,F287,Rice,Dry,4483.51,84.01,36701.0,Central,33143.85
FP0546,F114,Yam,Dry,3592.65,38.49,21236.15,East,15185.18
FP0547,F273,Maize,Wet,2613.67,58.62,34296.25,East,23126.92
FP0548,F229,Rice,Wet,3592.12,49.33,17860.58,East,19461.8
FP0549,F210,Rice,Wet,2787.79,52.53,27835.89,East,20724.27
FP0550,F171,Yam,Dry,3982.05,52.12,8694.34,West,20562.52
FP0551,F116,Yam,Dry,3727.49,47.34,15744.07,South,18676.7
FP0552,F137,Yam,Dry,3150.33,49.32,25757.64,East,19457.86
FP0553,F265,Sorghum,Dry,3725.52,47.12,38810.72,North,18589.91
FP0554,F042,Yam,Wet,3744.8,54.88,25537.57,West,21651.4
FP0555,F221,Sorghum,Wet,1352.43,34.14,21660.16,Central,13469.0
FP0556,F227,Rice,Dry,2388.57,31.51,19968.2,North,12431.41
FP0557,F104,Maize,Dry,3056.02,28.07,38691.55,East,11074.25
FP0558,F119,Rice,Dry,2135.57,60.16,27546.99,Central,23734.48
FP0559,F164,Yam,Wet,3200.84,72.09,19116.81,West,28441.14
FP0560,F184,Rice,Dry,1476.5,64.95,25335.05,North,25624.25
FP0561,F208,Rice,Dry,2117.14,43.54,19829.63,East,17177.52
FP0562,F142,Maize,Wet,3253.01,30.3,38538.09,West,11954.04
FP0563,F211,Rice,Wet,2952.87,60.49,20510.83,North,23864.67
FP0564,F162,Cassava,Dry,3897.89,37.92,40121.36,North,14960.3
FP0565,F176,Cassava,Wet,1840.39,40.87,21638.93,South,16124.14
FP0566,F116,Rice,Dry,992.17,22.69,32700.57,West,8951.72
FP0567,F143,Sorghum,Wet,2832.05,40.34,11944.43,Central,15915.04
FP0568,F070,Cassava,Dry,3599.05,62.78,42514.56,East,24768.13
FP0569,F018,Rice,Dry,2553.45,66.15,43925.45,North,26097.67
FP0570,F180,Sorghue,Dry,860.7,48.16,30933.72,West,19000.21
FP0571,F237,Rice,Dry,1914.77,46.27,33224.67,South,18254.56
FP0572,F002,Maize,Wet,2730.9,56.35,50807.66,South,22231.35
FP0573,F090,Yam,Dry,2814.08,73.86,43681.3,Central,29139.44
FP0574,F103,Maize,Dry,2214.97,43.54,28539.4,East,17177.52
FP0575,F052,Yam,Wet,1296.1,51.89,19235.03,Central,20471.78
FP0576,F182,Rice,Dry,2677.03,42.67,34201.18,South,16834.28
FP0577,F273,Maize,Wet,1284.52,7.52,24444.31,North,2966.81
FP0578,F143,Yam,Wet,1458.93,21.95,26114.79,West,8659.77
FP0579,F163,Maizi,Dry,2073.36,53.39,36403.97,North,21063.56
FP0580,F020,Sorghum,Dry,2619.18,26.96,40907.49,East,10636.33
FP0581,F249,Cassava,Wet,2392.16,39.4,36102.16,East,15544.19
FP0582,F100,Sorghum,Wet,2625.58,48.26,27076.8,North,19039.66
FP0583,F145,Cassava,Wet,2448.75,57.95,53332.89,South,22862.59
FP0584,F239,Yam,Wet,4064.18,43.43,24618.41,East,17134.12
FP0585,F237,Sorghum,Dry,2272.19,40.53,21230.7,West,15990.0
FP0586,F264,Sorghum,Wet,1608.17,27.24,20039.65,Central,10746.8
FP0587,F286,Maize,Wet,4091.88,55.26,37751.55,East,21801.32
FP0588,F173,Yam,Dry,2454.6,53.81,26279.12,Central,21229.26
FP0589,F006,Yam,Dry,2454.73,68.28,36729.43,Central,26938.01
FP0590,F112,Maize,Wet,1088.32,58.07,38305.08,East,22909.93
FP0591,F096,Maize,Dry,3706.11,39.62,40417.25,West,15630.99
FP0592,F022,Sorghum,Dry,2966.84,37.49,51823.57,South,14790.65
FP0593,F003,Sorghum,Wet,2357.42,29.54,20365.22,South,11654.2
FP0594,F202,Yam,Wet,2000.86,56.76,11301.84,North,22393.11
FP0595,F030,Sorghum,Wet,2649.44,34.17,36541.06,East,13480.84
FP0596,F094,Cassava,Wet,2006.94,65.73,46554.07,East,25931.97
FP0597,F226,Cassava,Dry,3008.99,42.34,19214.63,Central,16704.09
FP0598,F064,Rice,Wet,2006.94,47.63,29741.79,East,18791.11
FP0599,F187,Cassava,Dry,2428.61,49.44,33443.84,South,19505.2
FP0600,F130,Rice,Wet,2440.51,73.46,34110.27,Central,28981.63
FP0601,F191,Cassava,Wet,1995.83,51.05,34322.63,South,20140.38
FP0602,F253,Sorghum,Dry,2876.04,28.37,38573.31,Central,11192.61
FP0603,F151,Maize,Wet,174.41,44.38,36731.32,North,17508.91
FP0604,F275,Maize,Dry,603.8,57.91,27385.34,South,22846.81
FP0605,F285,Sorghum,Dry,1854.91,29.82,26100.76,Central,11764.67
FP0606,F030,Maize,Dry,2626.44,57.88,18621.93,Central,22834.97
FP0607,F221,Rice,Dry,1488.68,33.6,33050.62,West,13255.96
FP0608,F116,Cassava,Dry,1859.23,64.68,35221.43,East,25517.72
FP0609,F005,Yam,Wet,1875.84,69.96,26233.0,North,27600.8
FP0610,F298,Cassava,Dry,2334.95,68.61,22972.52,West,27068.2
FP0611,F189,Yam,Dry,1152.24,19.03,30090.44,South,7507.77
FP0612,F016,Rice,Wet,4182.99,63.92,35428.28,East,25217.89
FP0613,F004,Rice,Dry,1164.57,52.4,15947.51,West,20672.99
FP0614,F047,Cassava,Dry,2471.37,58.79,26038.74,Central,23193.99
FP0615,F108,Sorghum,Wet,2083.69,45.93,36836.72,East,18120.42
FP0616,F225,Cassava,Dry,2455.64,54.26,20121.27,North,21406.8
FP0617,F242,Rico,Wet,1822.52,68.74,27909.79,South,27119.49
FP0618,F076,Maiza,Dry,2926.79,56.5,33884.66,West,22290.53
FP0619,F039,Sorghum,Dry,3654.63,16.9,40074.44,South,6667.43
FP0620,F078,Cassava,Dry,1496.06,32.49,33215.51,Central,12818.04
FP0621,F280,Rice,Wet,3473.05,52.51,33763.22,South,20716.38
FP0622,F150,Yam,Dry,2748.97,53.43,11420.99,West,21079.34
FP0623,F217,Rice,Dry,2799.01,66.53,38420.38,North,26247.59
FP0624,F187,Maize,Dry,1852.57,47.56,19480.85,Central,18763.5
FP0625,F206,Yam,Wet,3432.03,31.32,21216.77,South,12356.45
FP0626,F044,Sorghum,Dry,2197.59,19.82,29886.1,North,7819.44
FP0627,F283,Maize,Dry,3205.13,60.82,17024.9,West,23994.87
FP0628,F190,Sorghum,Dry,1893.72,51.19,35540.58,East,20195.61
FP0629,F201,Sorghum,Wet,2145.01,67.92,25636.41,North,26795.98
FP0630,F096,Yam,Wet,573.71,71.28,5121.91,East,28121.57
FP0631,F218,Rice,Dry,2427.7,64.66,10126.6,East,25509.83
FP0632,F194,Maize,Dry,2294.03,38.12,26009.01,North,15039.2
FP0633,F131,Sorghum,Wet,1868.69,55.18,37808.15,East,21769.76
FP0634,F243,Sorghum,Dry,2000.32,32.27,34494.74,North,12731.25
FP0635,F188,Yam,Dry,2435.55,20.73,22606.49,Central,8178.45
FP0636,F200,Rice,Wet,1922.57,88.32,23578.05,South,34844.24
FP0637,F137,Maize,Dry,3444.39,84.18,41038.77,East,33210.92
FP0638,F294,Rice,Dry,2880.13,73.6,13912.31,South,29036.87
FP0639,F220,Cassava,Dry,2776.06,69.3,43995.95,Central,27340.42
FP0640,F154,Maize,Wet,1426.3,50.7,36969.86,North,20002.3
FP0641,F088,Cassava,Dry,3001.47,52.8,20215.44,West,20830.8
FP0642,F215,Sorghum,Dry,1339.11,22.6,39435.67,South,8916.21
FP0643,F054,Sorghum,Wet,2499.08,39.17,28636.62,East,15453.45
FP0644,F217,Sorghum,Dry,3348.32,39.36,49532.59,South,15528.41
FP0645,F244,Yam,Dry,680.09,32.1,27032.27,Central,12664.18
FP0646,F138,Rice,Dry,2213.68,37.42,24964.43,Central,14763.04
FP0647,F188,Rice,Dry,1827.69,60.15,51650.56,North,23730.54
FP0648,F189,Rice,Dry,3452.44,52.77,43907.32,North,20818.96
FP0649,F123,Yam,Dry,1627.1,54.32,31570.44,North,21430.47
FP0650,F251,Sorghum,Dry,3315.51,57.58,44891.13,East,22716.61
FP0651,F132,Sorghum,Wet,3322.31,40.21,16080.54,North,15863.76
FP0652,F255,Sorghum,Dry,1691.17,58.39,21864.7,South,23036.18
FP0653,F200,Sorghum,Dry,506.12,35.27,33986.95,South,13914.81
FP0654,F155,Cassava,Wet,2108.61,21.03,38702.49,Central,8296.81
FP0655,F258,Maize,Wet,2059.91,47.79,27656.65,North,18854.24
FP0656,F186,Yam,Dry,2364.02,56.39,34182.06,West,22247.13
FP0657,F210,Cassava,Dry,1887.82,50.09,29429.03,South,19761.64
FP0658,F185,Yam,Dry,3086.92,48.33,31212.55,North,19067.28
FP0659,F224,Cassava,Wet,3382.34,79.03,31455.21,Central,31179.12
FP0660,F042,Rice,Dry,2008.7,17.35,37416.4,Central,6844.97
FP0661,F123,Yam,Dry,2086.25,41.78,28723.45,South,16483.16
FP0662,F077,Yam,Dry,2051.51,37.57,23782.98,Central,14822.22
FP0663,F175,Rice,Dry,3856.58,78.46,35469.61,Central,30954.25
FP0664,F015,Yam,Wet,2555.08,50.86,39241.95,South,20065.42
FP0665,F001,Rice,Dry,1574.95,83.84,36451.69,South,33076.78
FP0666,F279,Rice,Dry,3095.99,64.67,8943.53,South,25513.78
FP0667,F146,Yam,Dry,3418.03,39.07,39526.8,West,15414.0
FP0668,F068,Rice,Dry,3964.32,51.66,35074.21,East,20381.04
FP0669,F280,Maize,Dry,1384.94,41.51,34961.99,West,16376.63
FP0670,F066,Rice,Wet,2071.75,66.73,23345.46,East,26326.5
FP0671,F114,Maize,Dry,3292.16,56.37,31123.62,North,22239.24
FP0672,F045,Rice,Dry,2536.47,54.84,29389.96,East,21635.62
FP0673,F151,Yam,Wet,2924.45,42.18,22285.3,South,16640.97
FP0674,F028,Sorghum,Dry,3617.57,52.4,26337.58,Central,20672.99
FP0675,F098,Rice,Wet,4074.78,43.22,23326.92,North,17051.27
FP0676,F028,Sorghum,Wet,2583.02,41.27,18261.2,South,16281.95
FP0677,F064,Maize,Wet,3088.42,74.88,17544.79,South,29541.86
FP0678,F103,Maize,Wet,1916.05,60.18,21875.98,West,23742.37
FP0679,F168,Rice,Dry,2023.84,49.47,41842.09,North,19517.04
FP0680,F287,Cassava,Wet,1844.11,47.43,19372.23,Central,18712.21
FP0681,F148,Cassava,Dry,3947.61,27.89,11599.22,West,11003.24
FP0682,F038,Yam,Wet,2474.18,39.93,31129.48,East,15753.29
FP0683,F019,Rice,Dry,748.06,67.92,29618.6,North,26795.98
FP0684,F126,Maize,Wet,2539.84,68.8,33916.71,Central,27143.16
FP0685,F211,Maize,Wet,1675.45,37.07,26165.39,West,14624.95
FP0686,F034,Cassava,Wet,2177.31,39.67,31427.48,West,15650.71
FP0687,F048,Yam,Wet,3232.79,61.24,27457.52,East,24160.57
FP0688,F015,Maize,Wet,2533.09,33.31,19696.94,East,13141.55
FP0689,F209,Sorghuu,Wet,4342.91,27.81,34796.8,East,10971.67
FP0690,F109,Rice,Dry,2659.16,55.04,27725.24,Central,21714.53
FP0691,F117,Sorghuo,Wet,2185.76,29.56,50120.34,Central,11662.09
FP0692,F060,Yam,Dry,2608.94,58.4,31875.39,South,23040.12
FP0693,F206,Maize,Dry,2144.08,36.45,49262.08,South,14380.35
FP0694,F070,Yam,Dry,1661.74,40.3,19834.39,South,15899.26
FP0695,F214,Maize,Dry,1833.36,40.43,27640.3,East,15950.55
FP0696,F217,Sorghum,Wet,3095.35,56.04,20888.26,South,22109.05
FP0697,F100,Sorghum,Dry,2102.45,47.26,27079.91,West,18645.14
FP0698,F220,Sorghum,Dry,2136.77,61.7,30840.58,North,24342.05
FP0699,F007,Yam,Wet,2048.01,56.35,31493.63,South,22231.35
FP0700,F174,Cassava,Dry,2791.31,44.6,22719.23,East,17595.71
FP0701,F075,Cassava,Wet,3454.19,31.13,38168.68,East,12281.49
FP0702,F109,Yam,Wet,2158.99,32.85,38201.58,West,12960.07
FP0703,F246,Rice,Dry,2450.76,49.37,35391.44,East,19477.58
FP0704,F178,Sorghum,Wet,3282.7,46.56,10647.69,East,18368.97
FP0705,F048,Rice,Wet,2025.54,54.72,42181.95,North,21588.28
FP0706,F095,Maize,Dry,3345.89,46.69,20718.57,East,18420.26
FP0707,F206,Cassava,Dry,2336.93,41.27,37590.9,Central,16281.95
FP0708,F190,Rice,Wet,1669.53,42.13,43522.03,East,16621.24
FP0709,F256,Ricu,Wet,2839.25,50.59,16317.31,South,19958.9
FP0710,F098,Cassava,Dry,1497.36,39.93,28707.55,South,15753.29
FP0711,F209,Yam,Dry,2571.13,66.38,42413.92,West,26188.41
FP0712,F272,Sorghum,Dry,2220.81,43.7,23172.18,Central,17240.64
FP0713,F130,Cassava,Wet,3475.77,61.94,25265.38,Central,24436.73
FP0714,F016,Maize,Dry,3044.61,66.97,29334.68,Central,26421.18
FP0715,F265,Rice,Wet,1048.78,51.62,38293.81,Central,20365.26
FP0716,F097,Maize,Wet,3220.46,35.07,28184.97,Central,13835.91
FP0717,F260,Sorghum,Wet,2602.03,46.65,37706.39,Central,18404.48
FP0718,F188,Sorghum,Wet,1843.63,48.4,25462.08,South,19094.9
FP0719,F018,Rice,Dry,3195.95,66.73,33114.68,North,26326.5
FP0720,F182,Cassavu,Dry,2844.28,54.16,29777.21,North,21367.35
FP0721,F248,Sorghum,Dry,1140.4,57.22,27597.72,North,22574.59
FP0722,F285,Yam,Wet,3232.84,59.97,24470.79,Central,23659.52
FP0723,F128,Yam,Dry,1428.67,52.4,21012.33,Central,20672.99
FP0724,F212,Maize,Dry,897.64,68.38,31334.87,East,26977.46
FP0725,F158,Maize,Dry,1654.94,34.12,34643.7,East,13461.11
FP0726,F278,Maize,Wet,2059.56,48.61,17092.11,Central,19177.75
FP0727,F277,Maize,Wet,2364.02,46.39,45698.66,West,18301.91
FP0728,F074,Rice,Wet,2454.6,51.31,54894.61,Central,20242.96
FP0729,F162,Maize,Wet,3246.19,16.5,21072.12,West,6509.62
FP0730,F125,Maize,Dry,2910.89,34.84,47609.9,West,13745.17
FP0731,F129,Cassava,Wet,1814.8,51.47,24964.96,West,20306.08
FP0732,F044,Rice,Dry,2424.3,61.95,34507.39,West,24440.68
FP0733,F219,Yam,Dry,2822.78,41.76,29551.07,North,16475.27
FP0734,F154,Sorghum,Wet,2646.0,38.24,51009.79,East,15086.55
FP0735,F169,Maize,Wet,2723.19,62.93,27974.76,Central,24827.31
FP0736,F270,Yam,Wet,2077.36,67.09,34180.26,South,26468.52
FP0737,F158,Maize,Wet,1725.56,45.35,22187.03,East,17891.6
FP0738,F204,Yam,Dry,1680.01,66.36,25370.6,Central,26180.52
FP0739,F209,Yam,Wet,738.67,15.52,4196.28,South,6122.99
FP0740,F089,Yam,Dry,2730.9,33.35,41470.61,South,13157.33
FP0741,F074,Rice,Wet,1938.53,46.44,15711.43,North,18321.63
FP0742,F097,Maize,Dry,2677.51,49.89,27843.9,Central,19682.73
FP0743,F137,Maize,Wet,2638.64,35.66,20317.32,South,14068.68
FP0744,F183,Maize,Wet,3140.18,55.54,36072.57,Central,21911.79
FP0745,F212,Maize,Dry,1622.11,27.85,33812.44,Central,10987.46
FP0746,F047,Maize,Wet,2341.44,46.4,13301.32,North,18305.85
FP0747,F247,Yam,Dry,2385.51,61.81,29359.22,South,24385.44
FP0748,F181,Sorghum,Wet,2929.03,22.84,34830.63,North,9010.9
FP0749,F076,Cassava,Dry,1860.05,21.38,41936.45,South,8434.89
FP0750,F118,Sorghum,Dry,2055.75,56.44,33796.4,Central,22266.86
FP0751,F129,Sorghum,Dry,3835.26,35.86,22580.17,South,14147.58
FP0752,F148,Rice,Wet,3533.31,28.77,32185.34,Central,11350.42
FP0753,F199,Cassava,Dry,2438.91,45.47,6350.98,East,17938.94
FP0754,F002,Rice,Wet,3069.21,50.9,39495.23,Central,20081.2
FP0755,F269,Sorghum,Wet,3414.25,68.58,23716.64,West,27056.36
FP0756,F234,Sorghum,Dry,2419.75,64.4,34624.84,North,25407.26
FP0757,F130,Rice,Dry,3037.22,72.92,11395.52,Central,28768.59
FP0758,F238,Rice,Dry,3191.39,44.76,22274.31,West,17658.83
FP0759,F123,Cassava,Dry,1681.64,41.33,16472.71,West,16305.62
FP0760,F053,Cassava,Dry,2809.95,45.07,33593.03,South,17781.14
FP0761,F192,Cassava,Dry,3158.56,60.25,25679.56,South,23769.99
FP0762,F154,Yam,Wet,1918.15,66.75,31864.16,Central,26334.39
FP0763,F035,Yam,Dry,3218.51,33.87,30708.91,Central,13362.48
FP0764,F010,Sorghum,Wet,1783.17,54.67,11103.51,West,21568.55
FP0765,F268,Cassava,Dry,2937.71,37.12,31845.64,South,14644.68
FP0766,F019,Rice,Wet,3211.34,30.88,33795.5,West,12182.86
FP0767,F267,Rice,Wet,2300.51,87.52,32428.82,Central,34528.62
FP0768,F010,Cassava,Wet,834.32,41.67,43308.07,East,16439.76
FP0769,F253,Yam,Wet,1148.65,42.93,35507.88,North,16936.86
FP0770,F216,Cassava,Wet,2344.26,61.48,35112.53,West,24255.25
FP0771,F189,Cassava,Dry,2006.94,46.52,46433.78,East,18353.19
FP0772,F051,Maize,Wet,2788.52,85.86,33770.92,South,33873.71
FP0773,F039,Maize,Dry,1891.67,48.1,25117.26,South,18976.54
FP0774,F283,Sorghum,Wet,3006.66,52.47,29582.63,West,20700.6
FP0775,F025,Cassava,Dry,2436.75,41.31,24791.36,East,16297.73
FP0776,F226,Yam,Dry,1235.4,69.35,17096.49,Central,27360.15
FP0777,F254,Rice,Dry,2278.94,37.76,45985.38,East,14897.17
FP0778,F042,Rice,Dry,3141.7,74.31,28869.2,West,29316.98
FP0779,F208,Maize,Dry,3198.9,49.54,13841.13,East,19544.65
FP0780,F285,Cassava,Dry,2739.72,53.95,25843.12,East,21284.5
FP0781,F108,Yam,Wet,3596.03,25.51,34602.72,Central,10064.27
FP0782,F088,Cassava,Wet,2341.44,61.61,36309.59,North,24306.54
FP0783,F271,Rice,Dry,3099.92,54.19,26038.54,East,21379.18
FP0784,F248,Cassava,Wet,1885.99,32.16,40539.86,East,12687.85
FP0785,F240,Cassava,Dry,1511.71,41.91,13788.81,Central,16534.44
FP0786,F219,Cassava,Dry,2239.42,47.95,33914.88,Central,18917.36
FP0787,F255,Rice,Dry,2364.02,50.75,43111.67,West,20022.02
FP0788,F220,Yam,Dry,2320.54,70.23,44976.99,South,27707.33
FP0789,F099,Rice,Wet,2633.63,56.26,28865.19,South,22195.84
FP0790,F033,Sorghum,Dry,2677.25,37.05,13770.67,South,14617.06
FP0791,F182,Sorghum,Wet,3580.86,63.29,42121.59,Central,24969.34
FP0792,F009,Maize,Wet,2105.48,67.19,22226.29,North,26507.98
FP0793,F260,Maize,Dry,2195.36,41.87,21175.41,South,16518.66
FP0794,F218,Cassava,Wet,1361.14,53.35,40561.84,South,21047.78
FP0795,F246,Maize,Wet,3847.48,65.0,22647.99,Central,25643.97
FP0796,F199,Yam,Dry,3824.97,54.36,26393.13,North,21446.25
FP0797,F239,Sorghum,Dry,2455.26,55.07,32562.22,West,21726.36
FP0798,F080,Maize,Wet,2886.75,60.4,29108.33,Central,23829.17
FP0799,F195,Sorghum,Dry,1887.35,49.48,39901.66,North,19520.98
FP0800,F186,Maize,Dry,2326.3,22.07,31123.21,Central,8707.11
FP0801,F037,Rice,Wet,1738.98,40.94,39863.77,Central,16151.76
FP0802,F300,Yam,Wet,1930.42,56.9,28251.8,North,22448.34
FP0803,F055,Maize,Wet,1436.65,49.08,48134.08,South,19363.17
FP0804,F128,Cassava,Dry,2225.7,35.42,39823.19,East,13973.99
FP0805,F085,Rice,Dry,3040.33,48.01,35150.55,North,18941.03
FP0806,F141,Rice,Dry,1104.61,69.26,5736.08,West,27324.64
FP0807,F108,Sorghum,Wet,3377.84,26.52,30108.79,South,10462.74
FP0808,F182,Rice,Wet,2948.85,19.87,26827.11,North,7839.16
FP0809,F057,Maize,Dry,2588.43,40.61,27947.72,West,16021.56
FP0810,F055,Yam,Dry,1561.47,48.77,40908.23,North,19240.87
FP0811,F198,Maize,Wet,2341.44,52.2,30454.91,North,20594.08
FP0812,F017,Yam,Dry,2946.67,66.43,38292.84,East,26208.14
FP0813,F246,Sorghum,Wet,586.44,62.67,55115.4,Central,24724.73
FP0814,F196,Maize,Wet,2467.56,54.15,30085.56,South,21363.4
FP0815,F268,Sorghum,Dry,2006.94,55.18,31773.79,East,21769.76
FP0816,F283,Maize,Wet,820.1,38.61,22788.15,East,15232.52
FP0817,F129,Sorghum,Wet,2262.31,44.95,42172.75,South,17733.79
FP0818,F027,Rice,Wet,2536.33,44.6,35242.04,South,17595.71
FP0819,F072,Sorghum,Wet,1831.15,71.37,7387.09,West,28157.08
FP0820,F201,Maize,Dry,1778.25,61.39,27082.41,South,24219.74
FP0821,F204,Sorghum,Wet,2065.13,38.57,26428.93,Central,15216.74
FP0822,F088,Yam,Dry,2304.25,51.28,45949.53,West,20231.12
FP0823,F074,Cassava,Wet,3461.65,58.88,29204.73,Central,23229.49
FP0824,F162,Rice,Wet,585.05,37.64,36832.6,North,14849.83
FP0825,F044,Yam,Wet,2233.88,69.01,31790.65,North,27226.01
FP0826,F051,Rice,Dry,2854.06,68.1,14728.32,East,26866.99
FP0827,F004,Maize,Dry,1705.96,64.01,18579.22,West,25253.39
FP0828,F004,Yam,Wet,2523.14,22.7,24855.14,East,8955.66
FP0829,F176,Sorghum,Dry,2535.49,23.81,31016.85,West,9393.58
FP0830,F155,Cassava,Dry,2584.52,59.69,17250.09,North,23549.06
FP0831,F258,Sorghui,Wet,1123.06,36.26,22374.81,North,14305.39
FP0832,F227,Maize,Dry,3329.04,67.1,54988.67,South,26472.47
FP0833,F057,Yam,Wet,1171.13,57.55,38607.25,West,22704.78
FP0834,F117,Rice,Dry,1056.89,40.19,30273.13,North,15855.86
FP0835,F075,Maize,Wet,2824.58,47.12,25502.18,East,18589.91
FP0836,F199,Yam,Dry,2622.66,42.45,21353.98,East,16747.49
FP0837,F238,Maize,Wet,2973.15,60.2,40351.29,North,23750.26
FP0838,F165,Cassava,Dry,2856.45,40.82,37565.18,West,16104.41
FP0839,F274,Sorghum,Dry,2400.02,37.93,19078.79,North,14964.24
FP0840,F176,Maize,Wet,2608.27,52.87,21064.74,East,20858.41
FP0841,F098,Sorghum,Wet,602.67,80.63,38887.73,Central,31810.36
FP0842,F148,Sorghum,Dry,2788.96,40.89,25956.38,West,16132.03
FP0843,F053,Maize,Dry,3435.07,43.81,34627.43,West,17284.04
FP0844,F147,Yam,Wet,63.26,29.04,42220.65,Central,11456.94
FP0845,F260,Cassava,Wet,2874.86,69.75,25370.44,West,27517.95
FP0846,F102,Cassava,Wet,1386.18,57.31,40719.3,East,22610.09
FP0847,F193,Rice,Dry,1177.13,53.97,35248.06,West,21292.39
FP0848,F191,Cassava,Wet,3696.33,44.41,48483.51,South,17520.75
FP0849,F069,Yam,Dry,3683.99,47.16,23056.81,West,18605.69
FP0850,F085,Rice,Dry,1276.13,44.74,7816.52,North,17650.94
FP0851,F218,Rice,Dry,3504.32,64.19,22385.7,South,25324.41
FP0852,F123,Yam,Wet,2364.02,56.44,22832.91,West,22266.86
FP0853,F013,Maize,Wet,1857.87,48.84,24469.1,East,19268.49
FP0854,F174,Maize,Dry,3056.69,78.94,23947.58,East,31143.62
FP0855,F021,Sorghum,Dry,2313.75,50.96,54642.12,East,20104.87
FP0856,F249,Yam,Dry,2761.41,66.63,38047.71,West,26287.04
FP0857,F080,Sorghum,Wet,2182.51,31.3,20345.8,East,12348.56
FP0858,F102,Ricu,Wet,2287.1,41.92,39929.3,West,16538.39
FP0859,F073,Rice,Wet,1194.98,43.95,39811.21,West,17339.27
FP0860,F042,Rice,Dry,3405.31,62.75,34176.81,West,24756.3
FP0861,F129,Sorghum,Wet,784.77,52.63,13632.25,East,20763.73
FP0862,F053,Yam,Dry,3253.6,59.57,34499.0,West,23501.71
FP0863,F212,Rice,Wet,2454.6,48.79,18054.77,Central,19248.76
FP0864,F046,Cassava,Wet,2728.64,42.54,31334.82,Central,16782.99
FP0865,F024,Maize,Dry,2503.1,74.33,33954.21,South,29324.87
FP0866,F207,Yam,Dry,1733.94,72.0,35392.8,North,28405.63
FP0867,F115,Yam,Dry,2373.06,68.79,27835.96,South,27139.21
FP0868,F176,Rice,Wet,2716.17,59.87,29304.68,East,23620.07
FP0869,F028,Cassava,Dry,1880.6,49.16,38344.93,West,19394.73
FP0870,F080,Maize,Dry,1029.17,32.85,35416.46,Central,12960.07
FP0871,F181,Yam,Dry,2377.19,46.38,26797.15,Central,18297.96
FP0872,F066,Sorghum,Dry,1782.75,29.18,37638.6,Central,11512.17
FP0873,F090,Maize,Dry,2634.41,64.18,40904.85,Central,25320.46
FP0874,F059,Sorghum,Wet,3459.9,36.46,22652.94,North,14384.3
FP0875,F123,Cassava,Dry,3718.82,29.5,11789.14,South,11638.42
FP0876,F106,Sorghum,Wet,2021.87,42.82,52932.11,Central,16893.46
FP0877,F146,Yam,Dry,2686.3,60.81,38728.24,West,23990.92
FP0878,F157,Maize,Wet,1727.07,36.44,29055.18,North,14376.41
FP0879,F231,Rice,Wet,1643.85,75.79,27557.19,Central,29900.87
FP0880,F058,Sorghuu,Wet,2847.44,47.71,22502.23,West,18822.68
FP0881,F092,Rice,Dry,2578.24,47.74,30736.17,West,18834.51
FP0882,F067,Sorghum,Wet,2389.87,43.27,41653.27,East,17070.99
FP0883,F286,Maize,Dry,1331.79,22.83,35351.68,North,9006.95
FP0884,F163,Rice,Dry,2720.3,53.14,20154.66,North,20964.93
FP0885,F130,Maize,Wet,2365.55,20.99,31671.07,East,8281.03
FP0886,F162,Rice,Dry,2530.72,58.19,8284.29,West,22957.27
FP0887,F003,Cassava,Dry,2277.96,69.37,39264.82,East,27368.04
FP0888,F011,Yam,Wet,2682.93,39.0,23301.97,West,15386.38
FP0889,F255,Yam,Dry,3216.03,54.29,36141.29,North,21418.63
FP0890,F275,Rice,Wet,1804.64,50.84,26903.5,North,20057.53
FP0891,F190,Maize,Dry,3007.83,38.58,18449.11,North,15220.68
FP0892,F072,Cassava,Wet,2164.08,45.39,42007.59,Central,17907.38
FP0893,F022,Cassava,Wet,2533.12,42.91,27122.77,East,16928.97
FP0894,F282,Sorghum,Dry,2604.21,19.74,1676.74,West,7787.88
FP0895,F134,Cassava,Dry,3898.86,44.14,16072.65,South,17414.23
FP0896,F247,Cassava,Dry,2472.36,47.9,42637.61,West,18897.63
FP0897,F026,Maize,Wet,3062.75,82.32,22003.7,West,32477.1
FP0898,F141,Sorghum,Dry,2301.83,46.25,28898.91,West,18246.67
FP0899,F052,Maize,Wet,2658.12,56.01,21438.3,South,22097.21
FP0900,F120,Rice,Wet,2528.45,71.21,38629.11,Central,28093.96
FP0901,F210,Maize,Wet,2884.21,34.17,39312.7,East,13480.84
FP0902,F091,Rice,Dry,3085.53,50.33,20536.22,North,19856.32
FP0903,F293,Rice,Dry,3218.03,66.95,22038.63,Central,26413.29
FP0904,F042,Rice,Dry,1739.95,54.66,23922.6,Central,21564.61
FP0905,F243,Yam,Wet,2264.72,54.06,35101.57,East,21327.89
FP0906,F294,Rice,Dry,3518.06,58.66,28713.41,Central,23142.7
FP0907,F198,Cassava,Dry,3467.96,66.53,36041.21,Central,26247.59
FP0908,F248,Sorghum,Wet,2061.87,54.11,17123.68,South,21347.62
FP0909,F216,Rice,Wet,1956.77,27.01,32326.57,South,10656.06
FP0910,F130,Rice,Wet,2730.9,51.83,24457.7,South,20448.11
FP0911,F058,Rice,Dry,873.6,81.69,32106.01,West,32228.55
FP0912,F121,Sorghum,Wet,2109.22,56.1,20381.15,Central,22132.72
FP0913,F261,Yam,Dry,1632.74,55.37,22091.18,South,21844.72
FP0914,F278,Yam,Wet,2454.6,54.34,20991.45,Central,21438.36
FP0915,F069,Cassava,Dry,2056.74,55.73,21317.39,East,21986.75
FP0916,F205,Cassava,Wet,2578.25,58.77,26297.74,East,23186.1
FP0917,F137,Yam,Wet,2524.64,48.07,32898.24,East,18964.7
FP0918,F214,Maize,Dry,2974.75,42.96,42342.48,South,16948.69
FP0919,F004,Cassava,Dry,2340.01,34.56,40294.13,Central,13634.7
FP0920,F270,Sorghum,Dry,3137.36,48.29,16189.93,West,19051.5
FP0921,F186,Yam,Dry,3362.83,45.08,19047.29,West,17785.08
FP0922,F238,Yam,Wet,41.36,60.2,31375.2,North,23750.26
FP0923,F017,Sorghum,Wet,2664.01,62.01,33827.2,South,24464.35
FP0924,F011,Rice,Wet,2536.77,21.62,26143.15,East,8529.58
FP0925,F080,Cassava,Dry,2202.04,60.06,40353.35,South,23695.03
FP0926,F228,Yam,Dry,1531.68,23.12,29801.39,Central,9121.36
FP0927,F153,Sorghum,Wet,3641.84,43.71,16111.23,Central,17244.58
FP0928,F226,Maize,Dry,2740.05,58.31,39624.16,Central,23004.62
FP0929,F199,Rice,Wet,1748.24,67.36,28416.95,West,26575.05
FP0930,F232,Sorghum,Wet,2352.92,53.31,20037.28,West,21032.0
FP0931,F025,Maize,Wet,2489.23,62.97,15733.24,East,24843.09
FP0932,F235,Maize,Dry,2607.53,50.76,44898.03,East,20025.97
FP0933,F087,Rice,Wet,3896.44,63.82,27999.31,West,25178.43
FP0934,F130,Maize,Wet,2699.49,40.14,33376.87,South,15836.14
FP0935,F059,Sorghum,Dry,757.43,42.06,32959.88,Central,16593.62
FP0936,F050,Yam,Wet,2814.37,35.41,35141.95,Central,13970.05
FP0937,F078,Cassava,Wet,1674.12,59.38,38164.96,South,23426.75
FP0938,F151,Maize,Dry,2489.94,11.4,26929.0,Central,4497.56
FP0939,F101,Rice,Wet,2196.82,21.96,19508.74,East,8663.72
FP0940,F006,Rice,Dry,2178.02,43.2,25066.09,Central,17043.38
FP0941,F258,Rice,Wet,2127.23,110.79,16058.26,South,43709.16
FP0942,F262,Yam,Wet,2024.1,49.68,29715.92,East,19599.88
FP0943,F168,Cassava,Wet,1818.09,57.13,25752.78,South,22539.08
FP0944,F156,Cassava,Dry,2730.9,50.8,39716.1,South,20041.75
FP0945,F234,Yam,Dry,1689.58,24.69,19357.8,South,9740.76
FP0946,F100,Sorghum,Dry,2492.12,44.12,19822.36,West,17406.34
FP0947,F175,Yam,Dry,2015.34,68.42,25349.31,North,26993.24
FP0948,F053,Maize,Dry,3453.49,42.23,43252.76,Central,16660.69
FP0949,F007,Rice,Dry,2500.33,47.33,19866.32,West,18672.76
FP0950,F263,Yam,Dry,1031.56,60.87,21182.01,Central,24014.59
FP0951,F009,Maize,Wet,1589.55,55.47,25514.57,West,21884.17
FP0952,F039,Rice,Wet,2690.84,49.23,27531.15,Central,19422.35
FP0953,F147,Yam,Wet,3275.64,57.07,30031.48,West,22515.41
FP0954,F262,Cassava,Dry,3483.99,29.11,42833.79,East,11484.55
FP0955,F201,Rice,Dry,3488.23,47.39,35775.8,East,18696.43
FP0956,F111,Sorghum,Wet,3542.39,50.62,44102.33,Central,19970.74
FP0957,F257,Yam,Dry,2761.48,29.16,34794.42,North,11504.28
FP0958,F098,Maize,Wet,2444.2,65.15,17893.17,West,25703.15
FP0959,F152,Maize,Wet,2538.1,47.4,31696.32,South,18700.37
FP0960,F296,Yam,Dry,4775.16,76.44,28753.52,North,30157.31
FP0961,F221,Yam,Wet,2615.93,54.21,27789.58,South,21387.07
FP0962,F248,Rice,Wet,2555.5,48.0,22327.05,East,18937.09
FP0963,F010,Maize,Dry,3410.89,32.74,15423.76,East,12916.67
FP0964,F053,Maize,Dry,1930.67,43.64,25465.86,South,17216.97
FP0965,F253,Maize,Dry,3086.26,30.89,26886.52,East,12186.8
FP0966,F080,Cassava,Dry,3482.24,33.94,39138.5,North,13390.1
FP0967,F192,Maiza,Wet,2055.64,50.33,8952.5,West,19856.32
FP0968,F292,Maize,Wet,4133.74,82.59,36983.88,Central,32583.62
FP0969,F114,Cassava,Dry,1674.43,43.4,34910.66,North,17122.28
FP0970,F201,Maize,Dry,3290.92,54.37,50042.29,North,21450.2
FP0971,F085,Yam,Wet,3334.45,70.44,30626.59,West,27790.17
FP0972,F062,Maize,Wet,3897.11,37.37,31327.88,West,14743.31
FP0973,F052,Maize,Wet,2488.25,22.98,41218.62,North,9066.13
FP0974,F064,Rice,Dry,2350.66,45.11,37405.45,East,17796.92
FP0975,F166,Cassava,Dry,3333.4,37.36,24286.3,South,14739.37
FP0976,F079,Cassava,Wet,2066.02,61.15,27951.23,Central,24125.06
FP0977,F224,Sorghum,Wet,3246.73,23.59,22805.84,Central,9306.79
FP0978,F096,Cassava,Dry,3674.66,36.55,38495.85,East,14419.8
FP0979,F121,Cassava,Wet,2767.55,72.17,12665.31,West,28472.7
FP0980,F192,Sorghum,Dry,2677.19,43.99,26604.96,South,17355.05
FP0981,F162,Maize,Wet,1911.64,49.6,11792.4,South,19568.32
FP0982,F046,Maize,Dry,1935.38,36.08,37614.66,East,14234.38
FP0983,F212,Yam,Dry,3211.32,33.17,38063.65,South,13086.32
FP0984,F045,Cassava,Dry,2019.59,65.43,35016.85,North,25813.62
FP0985,F190,Cassava,Dry,3025.36,70.49,38438.64,North,27809.9
FP0986,F082,Rice,Wet,3240.51,49.14,12465.09,Central,19386.84
FP0987,F171,Sorghum,Wet,3099.21,73.24,16194.01,West,28894.84
FP0988,F164,Rice,Wet,2151.08,33.72,27287.64,South,13303.3
FP0989,F234,Yam,Dry,2281.02,49.79,35885.01,North,19643.28
FP0990,F141,Cassava,Dry,3033.5,55.89,34535.86,Central,22049.87
FP0991,F159,Maize,Wet,3578.71,60.68,46923.98,East,23939.63
FP0992,F196,Rice,Wet,2711.65,43.63,40580.22,West,17213.02
FP0993,F077,Sorghum,Dry,2164.0,45.62,29990.47,East,17998.12
FP0994,F194,Sorghum,Wet,3385.97,49.41,12452.11,West,19493.36
FP0995,F153,Maize,Wet,1581.69,61.42,21842.89,Central,24231.58
FP0996,F052,Maize,Wet,2006.94,56.6,12495.92,East,22329.98
FP0997,F093,Cassava,Wet,2687.47,64.32,46736.98,North,25375.7
FP0998,F260,Yam,Dry,1766.79,19.09,40909.67,Central,7531.44
FP0999,F089,Yam,Dry,942.21,80.51,32095.29,West,31763.02
FP1000,F238,Maize,Wet,2548.31,65.61,10449.51,East,25884.63
FP1001,F275,Maize,Dry,2204.85,53.21,21980.91,North,20992.55
FP1002,F289,Sorghum,Wet,536.02,33.85,25205.98,South,13354.59
FP1003,F239,Sorghum,Dry,560.6,44.32,28788.72,West,17485.24
FP1004,F057,Sorghum,Wet,3225.99,11.16,50622.13,East,4402.87
FP1005,F216,Yam,Wet,2023.58,52.13,50666.01,North,20566.47
FP1006,F153,Cassava,Wet,2808.99,41.38,33348.38,West,16325.35
FP1007,F253,Maize,Dry,3060.61,61.0,26328.41,Central,24065.88
FP1008,F268,Sorghum,Wet,2353.33,34.16,27430.55,East,13476.89
FP1009,F289,Cassava,Wet,4286.56,36.69,46940.98,North,14475.04
FP1010,F271,Cassava,Wet,1791.22,45.5,35102.76,South,17950.78
FP1011,F271,Yam,Dry,1830.64,59.07,16510.48,Central,23304.45
FP1012,F082,Sorghum,Dry,2253.22,43.0,15170.16,South,16964.47
FP1013,F154,Rice,Wet,2599.12,46.48,41335.73,East,18337.41
FP1014,F213,Maize,Wet,2085.33,38.52,41694.08,East,15197.01
FP1015,F278,Yam,Dry,1963.29,63.34,32636.89,Central,24989.06
FP1016,F208,Maize,Dry,3477.78,69.36,55879.09,Central,27364.09
FP1017,F238,Maize,Dry,4772.71,74.51,40414.47,West,29395.88
FP1018,F138,Sorghum,Dry,1571.1,65.4,35995.78,North,25801.78
FP1019,F288,Yam,Wet,1802.54,70.35,14813.97,East,27754.67
FP1020,F231,Cassavi,Wet,1769.64,66.37,27092.63,Central,26184.47
FP1021,F129,Maize,Wet,4110.96,58.43,27913.32,Central,23051.96
FP1022,F150,Maize,Wet,2249.87,34.82,38104.97,North,13737.28
FP1023,F272,Cassava,Wet,4025.84,28.46,23433.11,West,11228.11
FP1024,F161,Rice,Dry,2291.75,32.93,27249.93,South,12991.63
FP1025,F037,Cassava,Wet,3367.36,53.15,13904.79,Central,20968.88
FP1026,F041,Yam,Wet,1942.15,39.14,29423.14,East,15441.62
FP1027,F225,Cassava,Dry,2089.97,37.98,34350.78,East,14983.97
FP1028,F154,Rice,Wet,2255.62,68.74,34211.73,Central,27119.49
FP1029,F230,Rice,Wet,2708.66,49.63,27251.98,Central,19580.16
FP1030,F065,Maize,Wet,739.01,70.46,25101.07,South,27798.07
FP1031,F034,Sorghum,Wet,2634.06,67.43,21708.91,West,26602.66
FP1032,F001,Maize,Dry,1216.2,44.45,26720.63,East,17536.53
FP1033,F139,Rice,Dry,2959.61,17.2,32521.56,North,6785.79
FP1034,F197,Sorghum,Dry,3508.81,65.77,35693.66,North,25947.75
FP1035,F130,Rice,Wet,2845.31,61.1,34462.02,East,24105.33
FP1036,F278,Sorghum,Dry,2515.27,41.2,23802.28,Central,16254.33
FP1037,F204,Cassava,Dry,3109.72,43.2,34632.33,East,17043.38
FP1038,F114,Sorghum,Dry,2349.43,31.75,39820.33,South,12526.09
FP1039,F277,Sorghum,Wet,3271.98,62.94,39484.18,South,24831.26
FP1040,F247,Maize,Dry,2120.0,66.38,15235.36,North,26188.41
FP1041,F153,Cassava,Dry,1996.75,52.95,11072.38,North,20889.97
FP1042,F013,Rice,Wet,2749.19,42.98,23102.15,West,16956.58
FP1043,F169,Rice,Wet,1274.77,67.25,16658.39,South,26531.65
FP1044,F096,Sorghum,Wet,2273.02,51.0,22045.53,West,20120.65
FP1045,F138,Yam,Wet,2450.71,68.44,1317.44,South,27001.13
FP1046,F020,Rice,Wet,3666.14,28.15,25784.06,North,11105.81
FP1047,F019,Cassava,Dry,3551.11,59.66,16665.26,East,23537.22
FP1048,F142,Yam,Wet,1821.27,55.13,29399.62,Central,21750.03
FP1049,F139,Maize,Wet,1511.7,72.85,33649.62,West,28740.97
FP1050,F047,Maize,Wet,4112.58,54.43,27234.74,West,21473.87
FP1051,F139,Cassave,Dry,3863.67,33.38,15895.73,East,13169.17
FP1052,F039,Rice,Dry,3368.66,49.45,36596.5,East,19509.14
FP1053,F028,Rice,Dry,926.14,49.68,33893.42,East,19599.88
FP1054,F084,Cassava,Wet,3161.0,39.99,37545.41,South,15776.96
FP1055,F043,Cassava,Wet,2995.75,18.04,30827.73,South,7117.19
FP1056,F246,Maize,Wet,2529.43,29.39,39672.73,West,11595.02
FP1057,F279,Yam,Dry,3625.78,31.87,34308.62,West,12573.44
FP1058,F230,Maize,Dry,1479.45,37.44,24775.95,South,14770.93
FP1059,F190,Yam,Dry,2632.32,29.27,32955.61,West,11547.68
FP1060,F133,Rice,Wet,2731.22,46.59,28582.42,North,18380.81
FP1061,F270,Cassava,Dry,1658.6,16.04,24528.58,Central,6328.14
FP1062,F057,Maize,Wet,3032.65,39.72,42239.32,East,15670.44
FP1063,F271,Cassava,Wet,1965.49,38.28,21436.51,South,15102.33
FP1064,F279,Rico,Wet,2006.94,46.46,33424.98,East,18329.52
FP1065,F100,Rice,Wet,2341.44,87.51,29714.48,North,34524.68
FP1066,F243,Yam,Dry,2594.94,75.34,46699.23,Central,29723.34
FP1067,F140,Sorghum,Wet,2168.14,59.65,26175.74,North,23533.28
FP1068,F190,Yam,Wet,2503.66,59.59,36172.41,South,23509.6
FP1069,F209,Maize,Wet,2560.46,65.73,11605.98,North,25931.97
FP1070,F144,Cassava,Wet,3.56,50.47,36900.74,South,19911.56
FP1071,F172,Yam,Dry,1873.61,81.46,16071.91,North,32137.81
FP1072,F074,Sorghum,Dry,2016.17,79.64,19162.65,North,31419.78
FP1073,F093,Maize,Wet,4020.21,65.35,21604.61,South,25782.05
FP1074,F160,Yam,Wet,3473.58,60.06,55029.63,North,23695.03
FP1075,F214,Rice,Wet,2679.53,57.53,41249.33,North,22696.89
FP1076,F254,Yam,Wet,1105.78,47.79,10262.35,South,18854.24
FP1077,F105,Sorghum,Dry,2328.9,64.55,28310.14,West,25466.44
FP1078,F213,Yam,Wet,3114.92,59.89,47665.12,West,23627.96
FP1079,F109,Yam,Wet,3330.88,51.4,22234.64,East,20278.46
FP1080,F057,Cassava,Wet,2473.96,45.19,12206.01,East,17828.48
FP1081,F030,Rice,Dry,3872.73,48.54,44883.95,South,19150.13
FP1082,F269,Maize,Wet,3389.3,88.15,19937.74,East,34777.17
FP1083,F290,Yam,Dry,3262.72,62.39,50847.13,Central,24614.27
FP1084,F083,Yam,Wet,1693.67,45.21,35428.73,North,17836.37
FP1085,F078,Rice,Dry,3417.35,36.48,27630.32,South,14392.19
FP1086,F210,Yam,Wet,2604.54,47.36,30829.87,Central,18684.59
FP1087,F184,Cassava,Wet,1846.88,64.0,24863.44,West,25249.45
FP1088,F149,Rice,Dry,3349.6,53.74,29878.57,Central,21201.65
FP1089,F082,Yam,Dry,1230.37,50.13,36939.23,Central,19777.42
FP1090,F111,Sorghum,Dry,3073.27,54.99,28029.99,West,21694.8
FP1091,F027,Rice,Wet,1444.83,50.3,19157.56,North,19844.49
FP1092,F271,Rice,Wet,2598.19,35.73,26581.78,North,14096.29
FP1093,F138,Rice,Wet,2304.18,57.38,45397.46,West,22637.71
FP1094,F180,Sorghum,Dry,2209.51,41.97,22425.69,Central,16558.12
FP1095,F296,Cassava,Wet,2282.85,52.89,34423.28,North,20866.3
FP1096,F013,Cassava,Wet,2536.35,48.43,36127.91,East,19106.73
FP1097,F208,Sorghum,Wet,1875.71,64.39,20213.19,South,25403.31
FP1098,F270,Sorghum,Dry,2210.32,51.31,19638.56,East,20242.96
FP1099,F155,Cassava,Wet,2475.42,39.71,24939.65,South,15666.49
FP1100,F249,Sorghum,Dry,1745.58,45.72,36420.26,East,18037.58
FP1101,F062,Sorghum,Wet,3297.81,41.78,41671.64,East,16483.16
FP1102,F293,Sorghum,Wet,1839.44,16.88,27694.14,Central,6659.54
FP1103,F292,Cassava,Dry,2667.52,41.59,25894.38,Central,16408.2
FP1104,F059,Rice,Wet,2616.2,54.2,32550.9,West,21383.13
FP1105,F048,Maize,Wet,2192.9,53.03,17552.33,North,20921.54
FP1106,F234,Cassava,Wet,2478.81,54.05,29126.71,North,21323.95
FP1107,F145,Sorghum,Dry,2341.44,45.03,39665.44,North,17765.35
FP1108,F178,Rice,Wet,1958.93,38.66,38672.83,South,15252.25
FP1109,F148,Rice,Wet,1916.1,79.62,32050.75,East,31411.89
FP1110,F089,Maize,Wet,1201.29,58.85,37614.98,South,23217.66
FP1111,F061,Sorghum,Wet,2746.41,30.46,8155.07,North,12017.16
FP1112,F080,Sorghui,Wet,2718.82,56.86,50982.21,East,22432.56
FP1113,F112,Yam,Wet,2123.52,65.5,45294.91,East,25841.23
FP1114,F115,Rice,Dry,3333.48,35.59,35303.69,South,14041.06
FP1115,F154,Cassava,Dry,2803.07,60.43,41771.85,West,23841.0
FP1116,F168,Rice,Wet,2609.4,30.63,33285.7,Central,12084.23
FP1117,F002,Sorghum,Dry,1975.45,24.36,22782.73,South,9610.57
FP1118,F158,Sorghum,Wet,2093.26,47.88,21570.94,West,18889.74
FP1119,F104,Rice,Dry,2716.98,67.41,35651.24,South,26594.77
FP1120,F011,Cassava,Wet,2251.42,48.36,30343.75,Central,19079.11
FP1121,F126,Yam,Wet,3805.63,56.15,18802.24,South,22152.45
FP1122,F095,Sorghum,Dry,3355.36,89.86,31381.86,Central,35451.8
FP1123,F059,Cassava,Wet,1334.73,77.99,37209.97,West,30768.82
FP1124,F021,Cassava,Dry,2063.85,36.05,23906.05,North,14222.54
FP1125,F160,Cassava,Dry,2989.87,35.32,20990.3,East,13934.54
FP1126,F260,Cassava,Wet,530.42,35.37,36975.91,East,13954.27
FP1127,F186,Yam,Wet,1974.29,39.53,33348.94,East,15595.48
FP1128,F241,Cassava,Wet,1783.2,69.07,20199.38,North,27249.68
FP1129,F233,Rice,Dry,1846.07,54.82,13483.9,North,21627.73
FP1130,F088,Maize,Wet,2142.24,48.85,31968.44,West,19272.43
FP1131,F174,Yam,Dry,3070.54,46.57,16009.22,South,18372.92
FP1132,F055,Yam,Dry,1283.77,35.24,17476.79,West,13902.98
FP1133,F159,Rice,Dry,501.72,54.69,28480.33,North,21576.44
FP1134,F052,Yam,Wet,3348.12,11.54,29021.49,South,4552.79
FP1135,F225,Yam,Wet,2843.29,61.94,21290.28,North,24436.73
FP1136,F263,Rice,Wet,1946.28,48.28,35460.16,East,19047.55
FP1137,F132,Rice,Wet,3015.3,51.23,39956.59,North,20211.39
FP1138,F289,Rice,Wet,1207.97,58.47,29924.72,West,23067.74
FP1139,F218,Cassava,Wet,2046.69,62.69,31029.17,Central,24732.62
FP1140,F179,Maize,Dry,648.76,60.26,38859.02,Central,23773.93
FP1141,F242,Sorghum,Dry,1443.3,61.57,27079.25,North,24290.76
FP1142,F203,Yam,Wet,2177.0,55.75,33789.81,Central,21994.64
FP1143,F281,Yam,Wet,2607.46,40.28,22834.27,North,15891.37
FP1144,F084,Maize,Dry,3147.68,76.02,20247.59,South,29991.61
FP1145,F264,Cassava,Dry,3163.95,32.65,34087.51,Central,12881.16
FP1146,F110,Sorghum,Dry,1314.38,50.04,48090.67,East,19741.91
FP1147,F268,Rice,Wet,2079.19,61.64,44738.12,North,24318.38
FP1148,F080,Maizo,Dry,3197.65,74.8,36230.87,South,29510.29
FP1149,F059,Maize,Dry,2341.44,74.35,30942.79,North,29332.76
FP1150,F008,Yam,Wet,1670.91,33.71,51141.75,East,13299.36
FP1151,F297,Sorghum,Dry,2930.21,54.6,39387.24,South,21540.94
FP1152,F178,Maize,Wet,1521.49,67.29,17825.96,South,26547.43
FP1153,F272,Cassava,Dry,2653.34,53.58,36405.63,North,21138.52
FP1154,F160,Yam,Wet,2230.48,21.39,24516.01,East,8438.84
FP1155,F145,Yam,Dry,1995.09,54.1,43214.59,West,21343.67
FP1156,F210,Rice,Wet,1608.3,87.38,27248.79,Central,34473.39
FP1157,F226,Yam,Wet,2629.88,34.14,18114.99,East,13469.0
FP1158,F086,Yam,Dry,2022.37,40.76,19762.69,South,16080.74
FP1159,F258,Yam,Wet,3545.23,54.35,29048.08,East,21442.31
FP1160,F095,Yam,Dry,2439.41,51.64,25835.62,East,20373.15
FP1161,F069,Cassava,Dry,2454.6,31.79,37609.77,Central,12541.87
FP1162,F293,Maize,Wet,2910.64,64.94,31596.08,North,25620.3
FP1163,F210,Maize,Dry,3730.66,57.21,30493.28,Central,22570.64
FP1164,F163,Yam,Wet,3077.96,23.39,29941.03,Central,9227.88
FP1165,F296,Maize,Dry,2961.16,27.37,21655.71,Central,10798.08
FP1166,F090,Yam,Dry,3889.55,41.61,32955.0,Central,16416.09
FP1167,F078,Cassava,Dry,2006.94,47.86,45486.39,East,18881.85
FP1168,F211,Maizo,Wet,2756.17,39.79,11218.21,Central,15698.06
FP1169,F112,Sorghum,Wet,2852.56,37.97,24993.24,North,14980.02
FP1170,F124,Yam,Wet,2730.9,55.98,32454.04,South,22085.38
FP1171,F040,Cassava,Wet,3849.09,40.44,24989.16,South,15954.5
FP1172,F137,Maize,Dry,2883.53,60.59,32279.91,North,23904.13
FP1173,F059,Yam,Wet,1558.21,54.18,32756.94,South,21375.24
FP1174,F179,Sorghum,Dry,2235.69,58.01,22732.58,East,22886.26
FP1175,F066,Maize,Wet,2376.2,34.1,30496.6,West,13453.22
FP1176,F170,Sorghum,Dry,3297.36,56.93,17674.24,Central,22460.17
FP1177,F269,Rice,Dry,3260.21,69.07,21838.45,Central,27249.68
FP1178,F269,Yam,Wet,1335.96,34.94,38347.5,Central,13784.62
FP1179,F048,Sorghum,Dry,3101.57,37.79,26031.69,North,14909.01
FP1180,F138,Yam,Wet,2730.9,49.75,36833.25,South,19627.5
FP1181,F211,Sorghum,Wet,4122.07,50.05,36567.41,North,19745.86
FP1182,F227,Sorghum,Wet,2625.41,35.23,35684.81,East,13899.03
FP1183,F144,Sorghum,Dry,4075.33,42.01,30422.8,West,16573.9
FP1184,F155,Rico,Dry,1177.81,27.76,26240.64,Central,10951.95
FP1185,F059,Sorghum,Dry,948.48,63.35,45794.38,North,24993.01
FP1186,F245,Cassava,Dry,2010.59,46.1,16991.57,West,18187.49
FP1187,F025,Cassava,Dry,2341.44,46.48,50784.14,North,18337.41
FP1188,F229,Yam,Dry,2789.93,13.05,21984.04,South,5148.52
FP1189,F291,Maize,Dry,2451.12,38.77,41230.53,East,15295.64
FP1190,F144,Rica,Dry,2809.81,54.81,21601.62,East,21623.79
FP1191,F271,Rice,Dry,1602.79,50.57,47279.94,West,19951.01
FP1192,F107,Maize,Wet,1711.25,50.61,27368.95,South,19966.79
FP1193,F185,Rice,Dry,2006.94,29.44,52919.11,East,11614.75
FP1194,F004,Rice,Dry,3993.97,44.22,32340.91,Central,17445.79
FP1195,F216,Maize,Wet,2118.76,30.43,19140.77,West,12005.32
FP1196,F247,Cassava,Dry,2251.82,64.41,29588.53,West,25411.2
FP1197,F021,Sorghum,Dry,1359.19,55.91,25435.03,North,22057.76
FP1198,F235,Sorghum,Wet,3527.55,77.45,23096.57,North,30555.78
FP1199,F049,Rice,Dry,1895.24,55.41,47670.24,South,21860.5
FP1200,F051,Sorghum,Wet,1648.6,54.02,21772.49,South,21312.11
FP1201,F168,Cassava,Wet,2929.93,59.63,17745.12,North,23525.39
FP1202,F019,Cassava,Wet,1827.95,44.21,7947.06,West,17441.85
FP1203,F151,Maize,Dry,1567.15,58.9,17727.97,South,23237.38
FP1204,F147,Rice,Dry,3540.52,80.53,33582.07,West,31770.91
FP1205,F171,Sorghuo,Wet,2210.12,61.13,53919.2,North,24117.17
FP1206,F133,Cassavi,Dry,1886.1,59.66,31538.91,Central,23537.22
FP1207,F293,Yam,Wet,1668.29,56.32,17908.01,West,22219.52
FP1208,F297,Sorghum,Dry,2545.39,41.09,23838.57,East,16210.94
FP1209,F091,Cassava,Dry,2358.79,20.69,25016.89,North,8162.67
FP1210,F264,Rice,Wet,3167.88,38.69,20940.35,West,15264.08
FP1211,F002,Maize,Wet,2589.55,56.08,40314.3,Central,22124.83
FP1212,F153,Cassava,Wet,1665.6,20.79,39784.58,South,8202.13
FP1213,F276,Cassava,Dry,2445.24,50.43,50737.79,West,19895.78
FP1214,F163,Sorghum,Wet,1870.96,64.18,23780.06,North,25320.46
FP1215,F138,Yam,Wet,1972.01,38.37,18455.5,South,15137.83
FP1216,F162,Sorghum,Wet,4306.61,70.88,31111.29,South,27963.76
FP1217,F243,Rice,Dry,2642.22,46.46,36909.11,East,18329.52
FP1218,F010,Yam,Dry,2144.15,60.27,29333.45,East,23777.88
FP1219,F026,Yam,Dry,1759.29,48.29,39733.66,South,19051.5
FP1220,F001,Yam,Dry,2999.12,29.29,41446.79,Central,11555.57
FP1221,F295,Sorghum,Dry,2489.33,44.86,51458.25,Central,17698.29
FP1222,F075,Maize,Wet,1264.05,63.62,35064.21,Central,25099.53
FP1223,F186,Rice,Dry,1053.46,67.74,21791.21,East,26724.96
FP1224,F265,Maize,Dry,2158.56,72.04,4898.85,North,28421.41
FP1225,F095,Rice,Dry,1905.42,38.42,33397.04,East,15157.56
FP1226,F259,Rice,Dry,1298.78,80.87,15615.89,East,31905.05
FP1227,F235,Cassava,Wet,2025.8,70.54,16593.77,Central,27829.63
FP1228,F245,Cassava,Wet,2244.45,18.99,27887.02,Central,7491.98
FP1229,F066,Yam,Dry,1965.38,42.13,38800.66,South,16621.24
FP1230,F139,Maize,Dry,2006.94,38.76,26906.88,East,15291.7
FP1231,F123,Rice,Dry,2207.46,57.56,33596.49,West,22708.72
FP1232,F197,Yam,Wet,2566.34,64.09,14620.46,Central,25284.96
FP1233,F093,Sorghum,Wet,1978.55,44.54,17156.13,East,17572.04
FP1234,F113,Cassava,Dry,3680.7,65.2,22987.73,East,25722.88
FP1235,F089,Sorghum,Dry,1664.83,58.89,33160.93,South,23233.44
FP1236,F099,Sorghum,Wet,2017.14,70.29,25334.26,East,27731.0
FP1237,F181,Maize,Dry,3940.06,48.95,28772.15,South,19311.88
FP1238,F068,Rice,Wet,2576.64,61.04,18002.51,East,24081.66
FP1239,F134,Maize,Wet,2217.09,45.62,25979.95,East,17998.12
FP1240,F235,Cassava,Dry,3076.98,38.51,25387.33,West,15193.07
FP1241,F071,Rice,Dry,2006.94,31.91,34105.57,East,12589.22
FP1242,F210,Sorghum,Dry,1886.14,67.11,18204.59,West,26476.41
FP1243,F216,Maize,Dry,3627.34,42.69,29520.61,North,16842.17
FP1244,F266,Sorghum,Wet,3028.74,38.17,43734.06,West,15058.93
FP1245,F282,Cassava,Wet,1591.4,34.48,27559.72,West,13603.14
FP1246,F263,Sorghum,Dry,2735.78,54.42,18015.08,West,21469.92
FP1247,F059,Maize,Wet,3062.51,87.48,44072.38,South,34512.84
FP1248,F093,Cassava,Dry,2317.53,55.47,27802.52,West,21884.17
FP1249,F086,Sorghum,Dry,2730.9,67.73,12554.35,South,26721.02
FP1250,F197,Rice,Wet,1762.68,48.34,25347.53,North,19071.22
FP1251,F222,Yam,Dry,1485.05,76.8,42685.83,South,30299.34
FP1252,F056,Rice,Wet,2893.13,63.42,13333.11,North,25020.63
FP1253,F233,Yam,Dry,1890.73,45.41,35900.05,South,17915.27
FP1254,F176,Cassava,Wet,2364.02,54.67,19735.06,West,21568.55
FP1255,F265,Maize,Dry,3173.8,59.07,36946.32,West,23304.45
FP1256,F085,Yam,Dry,2740.83,58.68,34600.42,West,23150.59
FP1257,F168,Yam,Wet,4037.46,6.7,32288.18,North,2643.3
FP1258,F150,Sorghum,Wet,1703.08,54.2,3254.33,East,21383.13
FP1259,F170,Maize,Dry,3256.83,55.51,28200.43,Central,21899.95
FP1260,F089,Cassava,Wet,3021.86,33.47,29850.22,North,13204.67
FP1261,F280,Cassava,Wet,1927.82,48.55,28918.61,East,19154.07
FP1262,F062,Rice,Wet,3389.68,52.76,19641.03,North,20815.01
FP1263,F189,Yam,Dry,2482.51,60.61,35823.77,South,23912.02
FP1264,F173,Maize,Wet,2913.01,82.15,25302.36,East,32410.04
FP1265,F272,Rico,Dry,2627.0,67.34,18489.75,West,26567.15
FP1266,F181,Cassava,Dry,1728.35,71.87,39021.08,West,28354.34
FP1267,F166,Rice,Wet,2375.56,66.55,49477.7,South,26255.48
FP1268,F185,Yam,Wet,2302.87,32.88,26122.38,South,12971.9
FP1269,F283,Cassava,Wet,2135.22,35.43,23114.5,South,13977.94
FP1270,F177,Maize,Wet,2610.76,37.85,31878.0,North,14932.68
FP1271,F135,Rice,Wet,1009.35,65.27,24967.02,West,25750.49
FP1272,F170,Rice,Wet,3429.99,65.64,25496.46,Central,25896.47
FP1273,F134,Maiza,Wet,2548.82,25.66,33653.94,North,10123.45
FP1274,F035,Maize,Dry,2468.67,72.72,34106.75,West,28689.69
FP1275,F131,Yam,Wet,4302.79,43.05,43985.12,Central,16984.2
FP1276,F168,Rice,Dry,2180.48,38.59,26063.88,South,15224.63
FP1277,F255,Cassava,Wet,336.17,48.58,42229.49,East,19165.91
FP1278,F212,Yam,Wet,1785.97,58.96,18635.5,Central,23261.05
FP1279,F281,Rice,Wet,1265.01,58.51,19269.22,West,23083.52
FP1280,F082,Maize,Wet,1866.99,41.82,48167.56,East,16498.94
FP1281,F056,Maize,Wet,2858.43,44.09,38517.72,West,17394.5
FP1282,F040,Cassava,Wet,3391.77,62.96,2924.56,East,24839.15
FP1283,F115,Sorghue,Dry,1924.01,36.14,31065.35,West,14258.05
FP1284,F093,Rice,Wet,2424.9,42.08,34322.93,North,16601.51
FP1285,F029,Sorghuo,Wet,2615.01,48.73,39360.56,West,19225.09
FP1286,F200,Rice,Wet,3121.55,57.15,25101.58,North,22546.97
FP1287,F245,Maize,Wet,2512.9,52.15,22704.37,North,20574.36
FP1288,F095,Sorghum,Dry,1078.54,57.1,22970.89,South,22527.24
FP1289,F273,Maize,Wet,2309.75,57.0,43120.84,North,22487.79
FP1290,F170,Rice,Dry,3248.88,42.5,4084.59,East,16767.21
FP1291,F099,Rice,Dry,2369.35,67.79,27506.3,North,26744.69
FP1292,F026,Maize,Wet,1569.57,14.67,36500.77,North,5787.65
FP1293,F149,Rice,Dry,3647.45,54.27,21694.88,East,21410.74
FP1294,F053,Yam,Wet,2178.33,76.17,38598.34,North,30050.79
FP1295,F286,Maize,Wet,1136.24,64.73,34379.01,South,25537.45
FP1296,F221,Cassava,Dry,2806.6,53.81,22982.5,East,21229.26
FP1297,F277,Yam,Dry,2516.15,52.37,20010.73,North,20661.15
FP1298,F105,Rice,Dry,1803.5,62.18,33319.18,South,24531.42
FP1299,F043,Maize,Dry,1131.52,44.1,14877.02,West,17398.45
FP1300,F002,Yam,Dry,1862.9,36.78,18059.58,West,14510.54
FP1301,F108,Yam,Dry,2426.48,47.37,27354.54,South,18688.54
FP1302,F049,Maize,Wet,2792.61,60.05,36213.08,North,23691.08
FP1303,F015,Cassava,Wet,3155.79,47.07,47114.02,West,18570.18
FP1304,F009,Sorghum,Dry,4478.61,49.99,28961.23,Central,19722.19
FP1305,F282,Yam,Wet,2366.53,32.16,19031.25,Central,12687.85
FP1306,F148,Yam,Dry,3157.65,75.64,11754.62,Central,29841.69
FP1307,F147,Maize,Wet,2508.51,29.96,30578.64,West,11819.9
FP1308,F089,Yam,Wet,2287.53,66.77,41986.43,West,26342.28
FP1309,F278,Yam,Wet,2819.26,50.53,36408.16,North,19935.23
FP1310,F143,Rice,Dry,2563.88,31.41,11624.44,North,12391.96
FP1311,F132,Sorghum,Wet,619.64,75.09,32591.34,East,29624.71
FP1312,F140,Sorghum,Wet,2112.27,49.99,35720.12,West,19722.19
FP1313,F226,Cassava,Dry,3853.86,15.11,10354.64,East,5961.24
FP1314,F187,Yam,Wet,1315.08,57.22,19730.14,Central,22574.59
FP1315,F210,Sorghum,Wet,1303.57,49.82,21361.34,North,19655.12
FP1316,F156,Cassava,Dry,2161.55,74.05,20948.15,West,29214.4
FP1317,F260,Cassava,Wet,3209.33,26.13,18788.31,West,10308.88
FP1318,F233,Rice,Wet,632.78,38.19,21282.25,East,15066.82
FP1319,F165,Rice,Wet,2820.75,62.56,31001.93,Central,24681.34
FP1320,F250,Cassava,Dry,4314.45,67.34,40521.07,West,26567.15
FP1321,F225,Cassava,Wet,2826.89,66.5,36285.18,West,26235.76
FP1322,F013,Yam,Dry,1585.07,56.43,30092.02,North,22262.91
FP1323,F071,Yam,Dry,1680.65,47.89,22018.93,East,18893.69
FP1324,F254,Maize,Dry,2100.67,51.33,26468.36,North,20250.85
FP1325,F067,Maize,Dry,3308.88,62.72,35839.7,West,24744.46
FP1326,F054,Maize,Wet,2890.09,33.83,23593.15,North,13346.7
FP1327,F047,Sorghum,Dry,2007.45,61.45,22957.57,Central,24243.42
FP1328,F165,Sorghum,Wet,2618.45,42.08,22896.68,West,16601.51
FP1329,F059,Rice,Dry,2974.03,48.24,23134.61,North,19031.77
FP1330,F222,Cassava,Dry,3430.7,61.95,49050.23,East,24440.68
FP1331,F279,Sorghum,Dry,2172.46,53.46,34323.53,East,21091.18
FP1332,F180,Yam,Wet,2341.44,5.45,30752.49,North,2150.15
FP1333,F058,Cassava,Wet,1874.12,62.8,27130.08,East,24776.02
FP1334,F133,Rice,Dry,3420.39,65.47,46309.01,Central,25829.4
FP1335,F071,Sorghum,Dry,3533.64,30.73,12058.08,North,12123.68
FP1336,F160,Maize,Wet,3366.52,28.11,39360.02,West,11090.03
FP1337,F216,Cassava,Dry,2205.77,60.54,19810.63,North,23884.4
FP1338,F184,Rice,Wet,1215.88,90.0,30971.56,South,35507.04
FP1339,F245,Maizo,Wet,3393.35,53.48,32300.56,West,21099.07
FP1340,F274,Cassava,Dry,2598.78,50.63,22826.29,North,19974.68
FP1341,F013,Yam,Wet,2350.37,79.32,49120.05,Central,31293.54
FP1342,F251,Maize,Dry,3431.25,39.23,47092.07,West,15477.12
FP1343,F003,Sorghum,Wet,3307.27,71.14,27336.77,West,28066.34
FP1344,F250,Maize,Wet,2353.7,33.11,15126.4,Central,13062.64
FP1345,F141,Yam,Dry,2576.06,62.72,10675.02,Central,24744.46
FP1346,F196,Cassava,Wet,1407.22,43.02,38041.05,South,16972.36
FP1347,F009,Maize,Dry,889.13,54.7,35073.5,Central,21580.39
FP1348,F078,Sorghum,Dry,741.15,54.37,30321.85,Central,21450.2
FP1349,F258,Yam,Dry,3694.13,59.9,31201.16,Central,23631.91
FP1350,F025,Cassava,Dry,2602.58,74.32,46341.41,West,29320.92
FP1351,F134,Rice,Dry,1859.83,45.62,24599.34,West,17998.12
FP1352,F294,Cassava,Wet,2749.86,26.43,20676.29,West,10427.23
FP1353,F228,Sorghum,Dry,3113.11,43.79,13702.67,Central,17276.15
FP1354,F280,Rice,Wet,2945.05,28.53,33105.44,South,11255.73
FP1355,F252,Cassava,Dry,3618.26,68.77,36611.47,East,27131.32
FP1356,F137,Cassava,Wet,2979.32,26.7,36659.49,Central,10533.75
FP1357,F020,Sorghum,Dry,3317.11,70.43,16150.37,North,27786.23
FP1358,F201,Rice,Dry,1905.55,46.1,30284.28,Central,18187.49
FP1359,F078,Sorghum,Dry,2605.36,79.55,43845.7,Central,31384.28
FP1360,F132,Rice,Dry,3376.71,31.03,30564.19,North,12242.04
FP1361,F273,Sorghum,Wet,2341.44,51.24,38285.55,North,20215.34
FP1362,F207,Yam,Wet,1629.25,60.13,12839.67,North,23722.65
FP1363,F069,Maize,Wet,1798.01,28.89,17419.8,East,11397.76
FP1364,F051,Cassava,Dry,3203.31,70.87,30345.04,East,27959.82
FP1365,F062,Cassava,Wet,1004.08,36.24,40612.56,East,14297.5
FP1366,F020,Cassava,Wet,2153.29,75.64,36512.7,East,29841.69
FP1367,F010,Yam,Wet,2331.46,33.73,47859.0,Central,13307.25
FP1368,F026,Sorghum,Wet,1776.5,39.83,26645.05,Central,15713.84
FP1369,F054,Yam,Wet,2973.86,51.49,22847.51,Central,20313.97
FP1370,F087,Rice,Wet,1944.66,58.95,37689.41,West,23257.11
FP1371,F080,Yam,Dry,1178.47,46.42,33097.27,East,18313.74
FP1372,F165,Sorghum,Wet,2880.6,57.69,37884.25,North,22760.01
FP1373,F268,Rice,Wet,1798.64,59.91,9653.18,Central,23635.85
FP1374,F193,Yam,Wet,2209.92,65.14,33564.88,East,25699.2
FP1375,F243,Sorghum,Wet,1906.09,48.26,31240.42,South,19039.66
FP1376,F116,Rice,Dry,4017.51,47.47,36036.46,South,18727.99
FP1377,F120,Maize,Wet,2080.15,33.54,26945.01,South,13232.29
FP1378,F121,Sorghum,Wet,3589.92,87.61,47396.97,West,34564.13
FP1379,F112,Maize,Dry,4441.17,41.38,29181.06,East,16325.35
FP1380,F167,Sorghum,Dry,3292.95,48.65,34946.25,South,19193.53
FP1381,F248,Cassava,Dry,2684.0,25.44,18637.3,North,10036.66
FP1382,F097,Rice,Dry,3157.75,41.51,41842.53,South,16376.63
FP1383,F060,Maize,Wet,2170.29,51.27,18832.95,East,20227.18
FP1384,F229,Sorghum,Wet,3982.08,46.94,61176.81,Central,18518.89
FP1385,F042,Rice,Dry,1387.75,65.49,23443.47,Central,25837.29
FP1386,F124,Sorghum,Dry,1664.38,68.93,36466.69,North,27194.45
FP1387,F040,Rice,Wet,1062.57,49.58,21161.46,South,19560.43
FP1388,F135,Sorghum,Wet,2454.6,58.89,43170.97,Central,23233.44
FP1389,F020,Cassava,Dry,3059.16,40.56,29890.84,Central,16001.84
FP1390,F118,Sorghum,Dry,2438.94,53.43,29811.35,North,21079.34
FP1391,F013,Rice,Wet,3075.33,77.3,51051.61,East,30496.6
FP1392,F112,Rice,Dry,1532.15,57.51,21570.62,East,22689.0
FP1393,F086,Cassava,Dry,3166.91,52.54,28528.6,Central,20728.22
FP1394,F288,Maize,Wet,1974.7,26.01,26929.8,East,10261.53
FP1395,F109,Yam,Wet,629.66,60.67,28055.2,Central,23935.69
FP1396,F268,Sorghum,Wet,3533.34,41.92,26537.88,North,16538.39
FP1397,F259,Rice,Dry,2433.93,61.55,29189.76,North,24282.87
FP1398,F155,Yam,Dry,2482.1,66.35,40725.21,Central,26176.58
FP1399,F214,Rice,Wet,2254.91,26.77,32561.96,Central,10561.37
FP1400,F232,Rice,Dry,1120.72,45.63,33865.53,West,18002.07
FP1401,F030,Maize,Dry,1971.18,42.28,28659.35,South,16680.42
FP1402,F015,Rice,Wet,1641.23,58.15,23417.4,North,22941.49
FP1403,F211,Cassava,Wet,1919.81,43.24,32239.27,North,17059.16
FP1404,F016,Cassava,Wet,942.78,31.23,20222.22,West,12320.94
FP1405,F248,Maize,Wet,3547.02,50.81,42221.98,Central,20045.7
FP1406,F056,Yam,Wet,3785.26,94.15,37244.91,South,37144.31
FP1407,F277,Maize,Dry,2006.94,71.96,21330.29,East,28389.85
FP1408,F036,Maize,Wet,2569.37,42.31,28126.43,North,16692.25
FP1409,F190,Maize,Wet,3181.27,36.35,17055.07,East,14340.9
FP1410,F294,Sorghum,Wet,1845.33,53.13,38266.47,Central,20960.99
FP1411,F235,Cassava,Dry,3660.07,30.95,33061.35,West,12210.48
FP1412,F005,Yam,Dry,2315.15,40.74,18898.11,West,16072.85
FP1413,F207,Yam,Dry,2230.51,72.84,17141.36,North,28737.03
FP1414,F117,Yam,Wet,2095.61,69.51,19523.76,Central,27423.27
FP1415,F089,Maize,Wet,1380.66,40.12,26461.15,Central,15828.25
FP1416,F246,Maize,Wet,3113.32,62.69,26578.53,East,24732.62
FP1417,F257,Sorghum,Wet,2596.81,78.21,35670.69,East,30855.62
FP1418,F298,Rice,Wet,1881.56,30.38,26548.96,East,11985.6
FP1419,F252,Yam,Dry,2935.06,57.99,19689.07,West,22878.37
FP1420,F039,Maize,Dry,4172.81,62.24,19414.32,South,24555.09
FP1421,F110,Sorghum,Wet,2730.9,72.44,31669.67,South,28579.22
FP1422,F138,Yam,Dry,2661.91,74.57,35968.56,South,29419.55
FP1423,F185,Rice,Dry,2484.07,46.28,35136.35,North,18258.51
FP1424,F081,Sorghum,Wet,2341.44,45.73,24327.38,North,18041.52
FP1425,F230,Maize,Wet,2300.48,51.69,36317.04,Central,20392.88
FP1426,F269,Sorghum,Dry,2251.92,76.47,57922.09,Central,30169.15
FP1427,F133,Sorghum,Wet,1284.79,71.2,39765.44,East,28090.01
FP1428,F276,Cassava,Dry,4145.16,58.92,20803.73,South,23245.27
FP1429,F054,Yam,Wet,3338.0,35.81,23832.25,South,14127.86
FP1430,F013,Cassave,Dry,1421.6,35.5,41815.63,South,14005.55
FP1431,F180,Maize,Wet,2231.05,59.01,23942.13,Central,23280.78
FP1432,F266,Maize,Dry,2335.6,31.45,42744.4,Central,12407.74
FP1433,F234,Maize,Dry,914.31,21.17,38789.36,North,8352.04
FP1434,F004,Rice,Wet,1712.84,67.16,20689.29,South,26496.14
FP1435,F230,Sorghum,Dry,1558.31,74.79,44762.27,East,29506.35
FP1436,F152,Rice,Wet,2730.9,43.5,32784.63,South,17161.73
FP1437,F238,Maize,Dry,2288.52,38.39,28763.07,Central,15145.72
FP1438,F006,Maize,Wet,2201.81,29.54,33942.06,East,11654.2
FP1439,F107,Yam,Dry,2569.79,27.6,37534.17,East,10888.82
FP1440,F165,Sorghum,Dry,2579.86,40.15,31310.55,Central,15840.08
FP1441,F171,Cassava,Dry,2673.77,43.03,28658.75,East,16976.31
FP1442,F116,Yam,Wet,1408.28,52.65,34512.26,North,20771.62
FP1443,F053,Rice,Wet,2820.39,49.55,43332.43,South,19548.6
FP1444,F058,Yam,Dry,1837.44,45.94,41425.24,East,18124.37
FP1445,F075,Cassava,Dry,1499.98,55.58,25685.44,West,21927.57
FP1446,F210,Yam,Dry,803.93,30.54,7911.11,East,12048.72
FP1447,F296,Rice,Dry,1696.23,68.97,16589.65,Central,27210.23
FP1448,F106,Maize,Wet,3180.0,55.13,49172.59,Central,21750.03
FP1449,F091,Maize,Dry,3184.16,53.96,26405.01,South,21288.44
FP1450,F011,Sorghum,Wet,3454.48,34.03,43518.38,East,13425.61
FP1451,F146,Maize,Wet,1970.86,42.84,12910.24,North,16901.35
FP1452,F171,Sorghum,Wet,1705.49,42.31,34886.13,Central,16692.25
FP1453,F068,Sorghum,Dry,2541.26,72.05,23598.46,Central,28425.36
FP1454,F237,Cassava,Wet,3687.0,72.18,31027.15,Central,28476.64
FP1455,F118,Ricu,Dry,3451.38,60.01,15462.01,South,23675.3
FP1456,F008,Rice,Dry,2474.38,55.95,31697.48,South,22073.54
FP1457,F121,Sorghum,Dry,1184.01,41.42,28018.17,South,16341.13
FP1458,F163,Yam,Wet,3086.62,33.1,40348.1,West,13058.7
FP1459,F045,Rice,Wet,2730.9,44.89,32354.56,South,17710.12
FP1460,F202,Sorghum,Wet,450.69,45.66,18311.6,Central,18013.9
FP1461,F035,Cassava,Dry,1449.63,55.91,25056.94,South,22057.76
FP1462,F010,Cassava,Wet,1966.7,61.82,27519.05,West,24389.39
FP1463,F295,Rice,Wet,2697.35,69.49,40729.3,South,27415.38
FP1464,F044,Yam,Wet,1817.28,46.5,44757.33,North,18345.3
FP1465,F083,Rice,Dry,2231.37,33.18,9316.24,South,13090.26
FP1466,F279,Maize,Wet,2571.52,49.33,35458.5,Central,19461.8
FP1467,F224,Rice,Dry,3382.98,44.23,9471.26,West,17449.74
FP1468,F213,Yam,Wet,1555.33,34.78,30604.91,North,13721.5
FP1469,F257,Rice,Wet,1961.68,59.94,24271.77,Central,23647.69
FP1470,F086,Rice,Dry,3393.49,50.0,41216.76,Central,19726.13
FP1471,F018,Sorghum,Wet,1715.78,77.75,26286.7,West,30674.14
FP1472,F036,Yam,Dry,2487.07,44.16,33107.53,Central,17422.12
FP1473,F050,Maize,Dry,1931.17,42.43,50980.33,West,16739.6
FP1474,F144,Cassava,Dry,3719.57,46.97,46527.49,East,18530.73
FP1475,F229,Rice,Dry,2364.02,63.54,40316.54,West,25067.97
FP1476,F072,Sorghum,Wet,1372.86,69.15,30680.14,Central,27281.24
FP1477,F191,Cassava,Dry,2730.9,64.92,28045.58,South,25612.41
FP1478,F130,Cassava,Wet,2937.07,39.1,21223.83,Central,15425.84
FP1479,F257,Rice,Wet,2730.9,52.6,38830.37,South,20751.89
FP1480,F267,Cassava,Wet,2006.94,37.72,38977.87,East,14881.39
FP1481,F072,Sorghum,Wet,1686.49,42.42,28279.59,South,16735.65
FP1482,F296,Yam,Dry,2341.44,36.46,27941.18,North,14384.3
FP1483,F109,Yam,Dry,2719.12,39.54,30881.35,West,15599.43
FP1484,F032,Cassava,Wet,2387.08,61.31,31294.94,West,24188.18
FP1485,F249,Maize,Wet,2193.48,42.04,29662.94,North,16585.73
FP1486,F217,Cassava,Wet,2878.31,60.95,43919.21,South,24046.16
FP1487,F196,Sorghua,Wet,2341.44,31.59,27614.06,North,12462.97
FP1488,F165,Cassava,Dry,2114.93,17.62,23694.22,South,6951.49
FP1489,F228,Sorghum,Dry,3049.9,56.3,31922.23,Central,22211.62
FP1490,F016,Sorghum,Wet,2006.94,62.58,20386.1,East,24689.23
FP1491,F005,Maize,Wet,2267.65,56.66,33425.19,West,22353.65
FP1492,F186,Sorghum,Dry,2737.4,65.72,36525.73,West,25928.03
FP1493,F081,Cassava,Wet,3871.14,53.0,9042.47,West,20909.7
FP1494,F119,Sorghum,Wet,2329.42,61.29,30375.23,Central,24180.29
FP1495,F244,Cassava,Dry,3169.31,69.94,22963.02,South,27592.91
FP1496,F083,Rice,Dry,3012.76,49.6,12789.96,Central,19568.32
FP1497,F220,Sorghum,Wet,2842.37,75.85,10269.85,South,29924.54
FP1498,F296,Yam,Dry,3271.34,37.61,24288.59,South,14838.0
FP1499,F048,Maize,Wet,2141.04,53.51,39763.74,South,21110.91
FP1500,F272,Sorghum,Dry,3244.7,57.06,26363.8,South,22511.46
